id,title,media_type,source_url,claimed_languages,claimed_classification,actual_audio_streams_count,actual_languages,catalog_vs_runtime_mismatch,hindi_track_available,hindi_track_actually_selected,english_track_actually_selected,result,details
series_sherlock_holmes,The Adventures of Sherlock Holmes (1984),SERIES,,English,NON_HINDI_AUDIO,0,,False,False,False,False,NO_DIRECT_SOURCE,Item has no direct media stream (trailer/licensed only).
series_stranger_things,Stranger Things,SERIES,,"Hindi, English",MULTI_AUDIO_INCLUDING_HINDI,0,,False,False,False,False,NO_DIRECT_SOURCE,Item has no direct media stream (trailer/licensed only).
series_panchayat,Panchayat,SERIES,,Hindi,HINDI_AUDIO,0,,False,False,False,False,NO_DIRECT_SOURCE,Item has no direct media stream (trailer/licensed only).
series_mirzapur,Mirzapur,SERIES,,"Hindi, English",MULTI_AUDIO_INCLUDING_HINDI,0,,False,False,False,False,NO_DIRECT_SOURCE,Item has no direct media stream (trailer/licensed only).
vod_deadpool_wolverine,Deadpool & Wolverine,MOVIE,https://archive.org/download/deadpool-wolverine_HD_DUBLADO_SINCRONIZADO/Deadpool%20%26%20Wolverine.mp4,"English, Hindi, Tamil, Telugu",MULTI_AUDIO_INCLUDING_HINDI,1,hi,True,True,True,False,SOURCE_METADATA_INVALID,"Catalog claims 4 languages (English, Hindi, Tamil, Telugu), but progressive MP4 container contains only a single audio stream."
vod_stree_2,Stree 2: Sarkate Ka Aatank,MOVIE,https://archive.org/download/stree-1080p-2018/Stree%201080p%202018.mp4,"Hindi, English",MULTI_AUDIO_INCLUDING_HINDI,1,hi,True,True,True,False,SOURCE_METADATA_INVALID,"Catalog claims 2 languages (Hindi, English), but progressive MP4 container contains only a single audio stream."
vod_kalki_2898_ad,Kalki 2898 AD,MOVIE,https://archive.org/download/kalki.-2898.-ad.-2024.-hindi.-web-dl.-720p/Kalki.2898.AD.2024.Hindi.WEB-DL.720p.mp4,Hindi,HINDI_AUDIO,1,hi,False,True,False,False,PASS,Catalog metadata agrees with stream audio topology.
vod_gladiator_2,Gladiator II,MOVIE,,English,NON_HINDI_AUDIO,0,,False,False,False,False,NO_DIRECT_SOURCE,Item has no direct media stream (trailer/licensed only).
vod_spider_verse,Spider-Man: Into the Spider-Verse,MOVIE,https://archive.org/download/My-Favorite-Movies_202503/Spider-man%20Into%20The%20Spiderverse.mp4,English,NON_HINDI_AUDIO,1,en,False,False,False,False,PASS,Catalog metadata agrees with stream audio topology.
vod_pathaan,Pathaan,MOVIE,https://archive.org/download/pathaan_202304/lv_0_20230408003252.ia.mp4,"Hindi, English, Telugu, Tamil",MULTI_AUDIO_INCLUDING_HINDI,1,hi,True,True,True,False,SOURCE_METADATA_INVALID,"Catalog claims 4 languages (Hindi, English, Telugu, Tamil), but progressive MP4 container contains only a single audio stream."
series_family_man,The Family Man,SERIES,,"Hindi, English, Tamil, Telugu",MULTI_AUDIO_INCLUDING_HINDI,0,,False,False,False,False,NO_DIRECT_SOURCE,Item has no direct media stream (trailer/licensed only).
series_money_heist,Money Heist (La Casa de Papel),SERIES,,"Hindi, English, Spanish",MULTI_AUDIO_INCLUDING_HINDI,0,,False,False,False,False,NO_DIRECT_SOURCE,Item has no direct media stream (trailer/licensed only).
series_scam_1992,Scam 1992: The Harshad Mehta Story,SERIES,,"Hindi, English",MULTI_AUDIO_INCLUDING_HINDI,0,,False,False,False,False,NO_DIRECT_SOURCE,Item has no direct media stream (trailer/licensed only).
series_sacred_games,Sacred Games,SERIES,,"Hindi, English",MULTI_AUDIO_INCLUDING_HINDI,0,,False,False,False,False,NO_DIRECT_SOURCE,Item has no direct media stream (trailer/licensed only).
vod_interstellar,Interstellar,MOVIE,https://archive.org/download/interstellar-2014-english/Interstellar%20%282014%29%20-%20%5B1080%20BluRay%5D%20%7BH.264%20%2B%20AAC%20%2B%20eSub%7D.mp4,English,NON_HINDI_AUDIO,1,en,False,False,False,False,PASS,Catalog metadata agrees with stream audio topology.
series_breaking_bad,Breaking Bad,SERIES,,"Hindi, English",MULTI_AUDIO_INCLUDING_HINDI,0,,False,False,False,False,NO_DIRECT_SOURCE,Item has no direct media stream (trailer/licensed only).
vod_dark_knight,Iron Man,MOVIE,https://archive.org/download/My-Favorite-Movies_202503/Iron%20Man%20%282008%29.mp4,English,NON_HINDI_AUDIO,1,en,False,False,False,False,PASS,Catalog metadata agrees with stream audio topology.
vod_chhavaa,Chhaava,MOVIE,https://archive.org/download/chhaava-2025-hindi-full-movie-720p-hdtc-filmywap.pm/Chhaava_2025_Hindi_Full_Movie_720p_HDTC-%28Filmywap.pm%29.mp4,Hindi,HINDI_AUDIO,1,hi,False,True,False,False,PASS,Catalog metadata agrees with stream audio topology.
series_kota_factory,Kota Factory,SERIES,,Hindi,HINDI_AUDIO,0,,False,False,False,False,NO_DIRECT_SOURCE,Item has no direct media stream (trailer/licensed only).
vod_dune_part_two,Dune: Part Two,MOVIE,https://archive.org/download/DuneTheCompleteSagaVimeo/Dune%20-%20The%20Complete%20Saga_vimeo_54644338.mp4,English,NON_HINDI_AUDIO,1,en,False,False,False,False,PASS,Catalog metadata agrees with stream audio topology.
vod_furiosa,Furiosa: A Mad Max Saga,MOVIE,https://archive.org/download/furiosa.-a.-mad.-max.-saga.-2024.720p.-webrip.x-264.-aac-yts.-mx_202604/Furiosa.A.Mad.Max.Saga.2024.720p.WEBRip.x264.AAC-%5BYTS.MX%5D.mp4,English,NON_HINDI_AUDIO,1,en,False,False,False,False,PASS,Catalog metadata agrees with stream audio topology.
vod_shaitaan,Shaitaan,MOVIE,https://archive.org/download/shaitaan-2024-hindi-1080p-web-dl-esub-bolly-flix/Shaitaan%20%282024%29%20Hindi%201080p%20WEB-DL%20ESub%20%5BBollyFlix%5D.mp4,Hindi,HINDI_AUDIO,1,hi,False,True,False,False,PASS,Catalog metadata agrees with stream audio topology.
vod_alien_romulus,Alien: Romulus,MOVIE,https://archive.org/download/alien-romulus-2024_202408/Alien-%20Romulus%202024.mp4,English,NON_HINDI_AUDIO,1,en,False,False,False,False,PASS,Catalog metadata agrees with stream audio topology.
vod_munjya,Munjya,MOVIE,https://archive.org/download/munjya-2024/Munjya%20%282024%29.mp4,Hindi,HINDI_AUDIO,1,hi,False,True,False,False,PASS,Catalog metadata agrees with stream audio topology.
vod_fighter,Fighter,MOVIE,https://archive.org/download/fighter-1080p-2024_202602/Fighter%201080p%202024.mp4,"Hindi, English",MULTI_AUDIO_INCLUDING_HINDI,1,hi,True,True,True,False,SOURCE_METADATA_INVALID,"Catalog claims 2 languages (Hindi, English), but progressive MP4 container contains only a single audio stream."
vod_godzilla_x_kong,Godzilla x Kong: The New Empire,MOVIE,https://archive.org/download/My-Favorite-Movies_202503/Godzilla%20Vs%20Kong%202%20The%20New%20Empire.mp4,English,NON_HINDI_AUDIO,1,en,False,False,False,False,PASS,Catalog metadata agrees with stream audio topology.
vod_12th_fail,12th Fail,MOVIE,https://archive.org/download/12th-fail-2023-bollywood-hindi-movie-hevc-720p-esub/%F0%9F%8E%AC%2012th_Fail_%282023%29_Bollywood_Hindi_Movie_HEVC_720p_ESub.mp4,Hindi,HINDI_AUDIO,1,hi,False,True,False,False,PASS,Catalog metadata agrees with stream audio topology.
vod_oppenheimer,Oppenheimer,MOVIE,https://archive.org/download/oppenheimer-2023-imax-1080p-blu-ray-hindi-english-ddp-5.1-h.-265-esubs-extra-flix.-pw/Oppenheimer%20%282023%29%20IMAX%201080p%20BluRay%20%5BHindi-English%5D%20DDP5.1%20H.265%20ESubs-ExtraFlix.Pw.mp4,English,NON_HINDI_AUDIO,1,en,False,False,False,False,PASS,Catalog metadata agrees with stream audio topology.
series_farzi,Farzi,SERIES,,"Hindi, English, Tamil, Telugu",MULTI_AUDIO_INCLUDING_HINDI,0,,False,False,False,False,NO_DIRECT_SOURCE,Item has no direct media stream (trailer/licensed only).
vod_john_wick_4,John Wick: Chapter 4,MOVIE,https://archive.org/download/john.-wick.-4.2023.-ts.-720p.-latino.-line.-mega-1080p/John.Wick.4.2023.Ts.720p.Latino.LINE.Mega1080p.mp4,English,NON_HINDI_AUDIO,1,en,False,False,False,False,PASS,Catalog metadata agrees with stream audio topology.
vod_leo,Leo: Bloody Sweet,MOVIE,https://archive.org/download/leo-2023-thalapathy-vijay-lokesh-kanagraj-full-movie-1080p/Leo%282023%29_%20Thalapathy%20Vijay%20_%20Lokesh%20Kanagraj%20_%20Full%20Movie%201080p.mp4,"Hindi, Tamil, Telugu, English",MULTI_AUDIO_INCLUDING_HINDI,1,hi,True,True,True,False,SOURCE_METADATA_INVALID,"Catalog claims 4 languages (Hindi, Tamil, Telugu, English), but progressive MP4 container contains only a single audio stream."
vod_jawan,Jawan,MOVIE,https://archive.org/download/jawan.-2023.1080p.-blu-ray.x-264.-aac-5.1-yts.-mx/Jawan.2023.1080p.BluRay.x264.AAC5.1-%5BYTS.MX%5D.mp4,Hindi,HINDI_AUDIO,1,hi,False,True,False,False,PASS,Catalog metadata agrees with stream audio topology.
vod_tiger_3,Tiger 3,MOVIE,https://archive.org/download/tiger-3-4k-2023/Tiger%203%201080p%202023.mp4,"Hindi, English",MULTI_AUDIO_INCLUDING_HINDI,1,hi,True,True,True,False,SOURCE_METADATA_INVALID,"Catalog claims 2 languages (Hindi, English), but progressive MP4 container contains only a single audio stream."
vod_salaar,Salaar: Part 1 - Ceasefire,MOVIE,https://archive.org/download/www.-5-movie-rulz.red-salaar-part-1-ceasefire-2023-720p-telugu-hq-hdrip-hevc-dd-/www.5MovieRulz.red%20-%20Salaar%20Part%201%20-%20Ceasefire%20%282023%29%20720p%20Telugu%20HQ%20HDRip%20-%20HEVC%20-%20%28DD%2B5.1%20-%20192kbps%20%26%20AAC%29%20-%20950MB%20-%20ESub.mp4,Hindi,HINDI_AUDIO,1,hi,False,True,False,False,PASS,Catalog metadata agrees with stream audio topology.
vod_dunki,Dunki,MOVIE,https://archive.org/download/Dunki/Dunki.ia.mp4,"Hindi, English",MULTI_AUDIO_INCLUDING_HINDI,1,hi,True,True,True,False,SOURCE_METADATA_INVALID,"Catalog claims 2 languages (Hindi, English), but progressive MP4 container contains only a single audio stream."
vod_animal,Animal,MOVIE,https://archive.org/download/animal.-2023.-hindi.-mkv-movies-point-1080p-web-dl/Animal.2023.Hindi.%5BMkvMoviesPoint%5D%201080p%20WEB-DL.mp4,Hindi,HINDI_AUDIO,1,hi,False,True,False,False,PASS,Catalog metadata agrees with stream audio topology.
vod_gadar_2,Gadar 2: The Katha Continues,MOVIE,https://archive.org/download/gadar-ek-prem-katha-1080p-2001/Gadar%202%201080p%202023.mp4,Hindi,HINDI_AUDIO,1,hi,False,True,False,False,PASS,Catalog metadata agrees with stream audio topology.
vod_kgf_chapter_2,K.G.F: Chapter 2,MOVIE,https://archive.org/download/k.-g.-f-chapter-2-2022-hindi-dubbed-alu-1080p-z-flix-co/K.G.F%2FK.G.F%20Chapter%202%20%282022%29%20Hindi%20Dubbed%201080p_zFlix%20CO.mp4,Hindi,HINDI_AUDIO,1,hi,False,True,False,False,PASS,Catalog metadata agrees with stream audio topology.
vod_top_gun_maverick,Top Gun: Maverick,MOVIE,,English,NON_HINDI_AUDIO,0,,False,False,False,False,NO_DIRECT_SOURCE,Item has no direct media stream (trailer/licensed only).
vod_rrr,RRR,MOVIE,https://archive.org/download/rrr-2022-1080p-amzn-web-dl-x-265-telugu-dd-5.1/RRR%20%282022%29%201080p%20AMZN%20WEB-DL%20x265%20%5BTelugu%20%28DD%2B%205.1%20-.mp4,Hindi,HINDI_AUDIO,1,hi,False,True,False,False,PASS,Catalog metadata agrees with stream audio topology.
vod_the_batman,The Batman,MOVIE,,English,NON_HINDI_AUDIO,0,,False,False,False,False,NO_DIRECT_SOURCE,Item has no direct media stream (trailer/licensed only).
vod_avatar_way_of_water,Avatar: The Way of Water,MOVIE,https://archive.org/download/Popcornarchive-avatarTheWayOfWaternone3d/Popcornarchive-avatarTheWayOfWaternone3d.mp4,"English, Hindi, Tamil, Telugu",MULTI_AUDIO_INCLUDING_HINDI,1,hi,True,True,True,False,SOURCE_METADATA_INVALID,"Catalog claims 4 languages (English, Hindi, Tamil, Telugu), but progressive MP4 container contains only a single audio stream."
vod_brahmastra,Brahmāstra: Part One – Shiva,MOVIE,https://archive.org/download/brahmastra-part-one-shiva-2022/Brahm%C4%81stra%20Part%20One%20-%20Shiva%20%282022%29.mp4,"Hindi, Telugu, Tamil, English",MULTI_AUDIO_INCLUDING_HINDI,1,hi,True,True,True,False,SOURCE_METADATA_INVALID,"Catalog claims 4 languages (Hindi, Telugu, Tamil, English), but progressive MP4 container contains only a single audio stream."
vod_spider_man_nwh,Spider-Man: No Way Home,MOVIE,https://archive.org/download/My-Favorite-Movies_202503/Spider-man%208%20No%20Way%20Home.mp4,"English, Hindi, Tamil, Telugu",MULTI_AUDIO_INCLUDING_HINDI,1,hi,True,True,True,False,SOURCE_METADATA_INVALID,"Catalog claims 4 languages (English, Hindi, Tamil, Telugu), but progressive MP4 container contains only a single audio stream."
vod_pushpa_the_rise,Pushpa: The Rise,MOVIE,https://archive.org/download/filmy-4wap.xyz-pushpa-2021-new-south-hindi-full-movie-hevc-720p/Filmy4wap.xyz%20Pushpa%20%282021%29%20New%20South%20Hindi%20Full%20Movie%20HEVC%20720p.mp4,Hindi,HINDI_AUDIO,1,hi,False,True,False,False,PASS,Catalog metadata agrees with stream audio topology.
series_paatal_lok,Paatal Lok,SERIES,,"Hindi, English",MULTI_AUDIO_INCLUDING_HINDI,0,,False,False,False,False,NO_DIRECT_SOURCE,Item has no direct media stream (trailer/licensed only).
series_game_of_thrones,Game of Thrones,SERIES,,"Hindi, English",MULTI_AUDIO_INCLUDING_HINDI,0,,False,False,False,False,NO_DIRECT_SOURCE,Item has no direct media stream (trailer/licensed only).
vod_avengers_endgame,Avengers: Endgame,MOVIE,https://archive.org/download/avengers-endgame_20210921/Avengers%20Endgame.mp4,English,NON_HINDI_AUDIO,1,en,False,False,False,False,PASS,Catalog metadata agrees with stream audio topology.
vod_dangal,Dangal,MOVIE,https://archive.org/download/dangal-1080p-2016/Dangal%201080p%202016.mp4,Hindi,HINDI_AUDIO,1,hi,False,True,False,False,PASS,Catalog metadata agrees with stream audio topology.
vod_inception,Inception,MOVIE,https://archive.org/download/26.10.2001-inception/26.10.2001%20Inception.mp4,English,NON_HINDI_AUDIO,1,en,False,False,False,False,PASS,Catalog metadata agrees with stream audio topology.
vod_sita_sings_blues,Sita Sings the Blues,MOVIE,https://archive.org/download/Sita_Sings_the_Blues/Sita_Sings_the_Blues_720p.mp4,English,NON_HINDI_AUDIO,1,en,False,False,False,False,PASS,Catalog metadata agrees with stream audio topology.
vod_bbb_720p,Big Buck Bunny,MOVIE,https://test-streams.mux.dev/x36xhzz/x36xhzz.m3u8,English,NON_HINDI_AUDIO,1,en,False,False,False,False,PASS,Catalog metadata agrees with stream audio topology.
vod_his_girl_friday,His Girl Friday,MOVIE,https://archive.org/download/his_girl_friday/his_girl_friday.mp4,English,NON_HINDI_AUDIO,1,en,False,False,False,False,PASS,Catalog metadata agrees with stream audio topology.
series_squid_game,Squid Game,SERIES,,"Hindi, Korean, English",MULTI_AUDIO_INCLUDING_HINDI,0,,False,False,False,False,NO_DIRECT_SOURCE,Item has no direct media stream (trailer/licensed only).
series_all_of_us_are_dead,All of Us Are Dead,SERIES,,"Hindi, Korean, English",MULTI_AUDIO_INCLUDING_HINDI,0,,False,False,False,False,NO_DIRECT_SOURCE,Item has no direct media stream (trailer/licensed only).
series_crash_landing_on_you,Crash Landing on You,SERIES,,"Hindi, Korean",MULTI_AUDIO_INCLUDING_HINDI,0,,False,False,False,False,NO_DIRECT_SOURCE,Item has no direct media stream (trailer/licensed only).
series_vincenzo,Vincenzo,SERIES,,"Hindi, Korean, Italian",MULTI_AUDIO_INCLUDING_HINDI,0,,False,False,False,False,NO_DIRECT_SOURCE,Item has no direct media stream (trailer/licensed only).
series_the_glory,The Glory,SERIES,,"Hindi, Korean",MULTI_AUDIO_INCLUDING_HINDI,0,,False,False,False,False,NO_DIRECT_SOURCE,Item has no direct media stream (trailer/licensed only).
series_business_proposal,Business Proposal,SERIES,,"Hindi, Korean",MULTI_AUDIO_INCLUDING_HINDI,0,,False,False,False,False,NO_DIRECT_SOURCE,Item has no direct media stream (trailer/licensed only).
series_descendants_of_the_sun,Descendants of the Sun,SERIES,,"Hindi, Korean",MULTI_AUDIO_INCLUDING_HINDI,0,,False,False,False,False,NO_DIRECT_SOURCE,Item has no direct media stream (trailer/licensed only).
series_happiness,Happiness,SERIES,,"Hindi, Korean",MULTI_AUDIO_INCLUDING_HINDI,0,,False,False,False,False,NO_DIRECT_SOURCE,Item has no direct media stream (trailer/licensed only).
series_my_name,My Name,SERIES,,"Hindi, Korean",MULTI_AUDIO_INCLUDING_HINDI,0,,False,False,False,False,NO_DIRECT_SOURCE,Item has no direct media stream (trailer/licensed only).
series_sweet_home,Sweet Home,SERIES,,"Hindi, Korean",MULTI_AUDIO_INCLUDING_HINDI,0,,False,False,False,False,NO_DIRECT_SOURCE,Item has no direct media stream (trailer/licensed only).
series_goblin,Guardian: The Lonely and Great God,SERIES,,"Hindi, Korean",MULTI_AUDIO_INCLUDING_HINDI,0,,False,False,False,False,NO_DIRECT_SOURCE,Item has no direct media stream (trailer/licensed only).
series_true_beauty,True Beauty,SERIES,,"Hindi, Korean",MULTI_AUDIO_INCLUDING_HINDI,0,,False,False,False,False,NO_DIRECT_SOURCE,Item has no direct media stream (trailer/licensed only).
series_the_untamed,The Untamed,SERIES,,"Hindi, Mandarin",MULTI_AUDIO_INCLUDING_HINDI,0,,False,False,False,False,NO_DIRECT_SOURCE,Item has no direct media stream (trailer/licensed only).
series_falling_into_your_smile,Falling Into Your Smile,SERIES,,"Hindi, Mandarin",MULTI_AUDIO_INCLUDING_HINDI,0,,False,False,False,False,NO_DIRECT_SOURCE,Item has no direct media stream (trailer/licensed only).
series_hidden_love,Hidden Love,SERIES,,"Hindi, Mandarin",MULTI_AUDIO_INCLUDING_HINDI,0,,False,False,False,False,NO_DIRECT_SOURCE,Item has no direct media stream (trailer/licensed only).
series_love_between_fairy_and_devil,Love Between Fairy and Devil,SERIES,,"Hindi, Mandarin",MULTI_AUDIO_INCLUDING_HINDI,0,,False,False,False,False,NO_DIRECT_SOURCE,Item has no direct media stream (trailer/licensed only).
series_put_your_head_on_my_shoulder,Put Your Head on My Shoulder,SERIES,,"Hindi, Mandarin",MULTI_AUDIO_INCLUDING_HINDI,0,,False,False,False,False,NO_DIRECT_SOURCE,Item has no direct media stream (trailer/licensed only).
series_meteor_garden,Meteor Garden,SERIES,,"Hindi, Mandarin",MULTI_AUDIO_INCLUDING_HINDI,0,,False,False,False,False,NO_DIRECT_SOURCE,Item has no direct media stream (trailer/licensed only).
series_word_of_honor,Word of Honor,SERIES,,"Hindi, Mandarin",MULTI_AUDIO_INCLUDING_HINDI,0,,False,False,False,False,NO_DIRECT_SOURCE,Item has no direct media stream (trailer/licensed only).
series_reset,Reset,SERIES,,"Hindi, Mandarin",MULTI_AUDIO_INCLUDING_HINDI,0,,False,False,False,False,NO_DIRECT_SOURCE,Item has no direct media stream (trailer/licensed only).
vod_train_to_busan,Train to Busan,MOVIE,https://archive.org/download/train-to-busan-2016_202504/Train%20to%20Busan%202016%20720p%2010Bit%20HEVC%20BluRay%20Hindi%20AMZN%20Korean%20-%20ESubs%20-%20MoviesMod.Org.In.mp4,"Hindi, Korean",MULTI_AUDIO_INCLUDING_HINDI,1,hi,True,True,True,False,SOURCE_METADATA_INVALID,"Catalog claims 2 languages (Hindi, Korean), but progressive MP4 container contains only a single audio stream."
vod_parasite,Parasite,MOVIE,https://archive.org/download/parasite-2019_202408/Parasite%20%282019%29%20%5BREPACK%5D%20%5B2160p%5D%20%5B4K%5D%20%5BBluRay%5D%20%5B7.1%5D%20%5BYTS.MX%5D/Parasite.2019.REPACK.2160p.4K.BluRay.x265.10bit.AAC7.1-%5BYTS.MX%5D.mp4,"Hindi, Korean",MULTI_AUDIO_INCLUDING_HINDI,1,hi,True,True,True,False,SOURCE_METADATA_INVALID,"Catalog claims 2 languages (Hindi, Korean), but progressive MP4 container contains only a single audio stream."
vod_the_raid_redemption,The Raid: Redemption,MOVIE,https://archive.org/download/the-raid-redemption-2011/The%20Raid%20Redemption%20%282011%29.mp4,"Hindi, Indonesian",MULTI_AUDIO_INCLUDING_HINDI,1,hi,True,True,True,False,SOURCE_METADATA_INVALID,"Catalog claims 2 languages (Hindi, Indonesian), but progressive MP4 container contains only a single audio stream."
vod_ip_man,Ip Man,MOVIE,https://archive.org/download/ip-man-04/Ip%20man%2004.mp4,"Hindi, Cantonese",MULTI_AUDIO_INCLUDING_HINDI,1,hi,True,True,True,False,SOURCE_METADATA_INVALID,"Catalog claims 2 languages (Hindi, Cantonese), but progressive MP4 container contains only a single audio stream."
vod_ip_man_4,Ip Man 4: The Finale,MOVIE,https://archive.org/download/cimaclub.comip.man.4.the.finale.2019.720p.bluray/%5BCimaClub.Com%5D-Ip.Man.4.The.Finale.2019.720p.Bluray.mp4,"Hindi, Cantonese",MULTI_AUDIO_INCLUDING_HINDI,1,hi,True,True,True,False,SOURCE_METADATA_INVALID,"Catalog claims 2 languages (Hindi, Cantonese), but progressive MP4 container contains only a single audio stream."
vod_peninsula,Peninsula,MOVIE,https://archive.org/download/peninsula_202107/peninsula.mp4,"Hindi, Korean",MULTI_AUDIO_INCLUDING_HINDI,1,hi,True,True,True,False,SOURCE_METADATA_INVALID,"Catalog claims 2 languages (Hindi, Korean), but progressive MP4 container contains only a single audio stream."
vod_kung_fu_hustle,Kung Fu Hustle,MOVIE,https://archive.org/download/kung-fu-hustle-2004-1080-p-x-264-1-hardcoded-mp-4/Kung%20Fu%20Hustle%202004%201080P%20X264-1%20HARDCODED%20MP4.ia.mp4,"Hindi, Cantonese",MULTI_AUDIO_INCLUDING_HINDI,1,hi,True,True,True,False,SOURCE_METADATA_INVALID,"Catalog claims 2 languages (Hindi, Cantonese), but progressive MP4 container contains only a single audio stream."
vod_shaolin_soccer,Shaolin Soccer,MOVIE,https://archive.org/download/stephenchowmoviescollection/Shaolin.Soccer.2001.1080p.BluRay.x264.mp4,"Hindi, Cantonese",MULTI_AUDIO_INCLUDING_HINDI,1,hi,True,True,True,False,SOURCE_METADATA_INVALID,"Catalog claims 2 languages (Hindi, Cantonese), but progressive MP4 container contains only a single audio stream."
vod_the_outlaws,The Outlaws,MOVIE,https://archive.org/download/the-outlaws-2017/The-Outlaws-2017.mp4,"Korean, English",NON_HINDI_AUDIO,1,"ko, en",False,False,False,False,PASS,Catalog metadata agrees with stream audio topology.
vod_the_roundup,The Roundup,MOVIE,https://archive.org/download/the.-roundup.-punishment.-2024.1080p.-blu-ray.-hindi.-hq.-dub.-1-xbet/The.Roundup.Punishment.2024.1080p.BluRay.HINDI.HQ.DUB.1XBET.mp4,"Hindi, Korean",MULTI_AUDIO_INCLUDING_HINDI,1,hi,True,True,True,False,SOURCE_METADATA_INVALID,"Catalog claims 2 languages (Hindi, Korean), but progressive MP4 container contains only a single audio stream."
vod_demon_slayer_mugen_train,Demon Slayer: Mugen Train,MOVIE,https://archive.org/download/demon-slayer-mugen-train-animation/Demon%20Slayer%20-%20Mugen%20Train%20%28Animation%29.mp4,"Hindi, Japanese, English",MULTI_AUDIO_INCLUDING_HINDI,1,hi,True,True,True,False,SOURCE_METADATA_INVALID,"Catalog claims 3 languages (Hindi, Japanese, English), but progressive MP4 container contains only a single audio stream."
vod_jujutsu_kaisen_0,Jujutsu Kaisen 0,MOVIE,https://archive.org/download/Jujutsu_Kaisen_0/Jujutsu%20Kaisen%200%201080p.ia.mp4,English,NON_HINDI_AUDIO,1,en,False,False,False,True,PASS,Catalog correctly reflects single English master audio track.
vod_suzume,Suzume,MOVIE,https://archive.org/download/suzume.compressed/Suzume%28%E3%81%99%E3%81%9A%E3%82%81%E3%81%AE%E6%88%B8%E7%B7%A0%E3%81%BE%E3%82%8A%29.com.mp4,English,NON_HINDI_AUDIO,1,en,False,False,False,False,PASS,Catalog metadata agrees with stream audio topology.
vod_your_name,Your Name (Kimi no Na wa),MOVIE,https://archive.org/download/your.-name.-2016.-1.8-gb.-1080p.-dual.-audio.-hin-eng.-vegamovies.-nl/Your.Name.%282016%29.1.8GB.1080p.Dual.Audio.%28Hin-Eng%29.Vegamovies.NL.mp4,"Hindi, Japanese",MULTI_AUDIO_INCLUDING_HINDI,1,hi,True,True,True,False,SOURCE_METADATA_INVALID,"Catalog claims 2 languages (Hindi, Japanese), but progressive MP4 container contains only a single audio stream."
series_death_note,Death Note,SERIES,,"Hindi, Japanese, English",MULTI_AUDIO_INCLUDING_HINDI,0,,False,False,False,False,NO_DIRECT_SOURCE,Item has no direct media stream (trailer/licensed only).
series_naruto_classic,Naruto,SERIES,,"Hindi, Japanese",MULTI_AUDIO_INCLUDING_HINDI,0,,False,False,False,False,NO_DIRECT_SOURCE,Item has no direct media stream (trailer/licensed only).
series_solo_leveling,Solo Leveling,SERIES,,"Hindi, Korean, Japanese",MULTI_AUDIO_INCLUDING_HINDI,0,,False,False,False,False,NO_DIRECT_SOURCE,Item has no direct media stream (trailer/licensed only).
vod_one_piece_film_red,One Piece Film: Red,MOVIE,https://archive.org/download/film-one-piece-film-red-2022-en-streaming-complet/Film%20One%20Piece%20Film%20-%20Red%20%282022%29%20en%20streaming%20complet.mp4,"Hindi, Japanese",MULTI_AUDIO_INCLUDING_HINDI,1,hi,True,True,True,False,SOURCE_METADATA_INVALID,"Catalog claims 2 languages (Hindi, Japanese), but progressive MP4 container contains only a single audio stream."
vod_stree,Stree,MOVIE,https://archive.org/download/Stree2018ReworkEnglishSinhalaSub/Stree.2018.EN%2BSI_ESub.1080p.HDTV.x264.AAC2.0-ColomboGMGS2.mp4,Hindi,HINDI_AUDIO,1,hi,False,True,False,False,PASS,Catalog metadata agrees with stream audio topology.
vod_drishyam_2,Drishyam 2,MOVIE,https://archive.org/download/drishyam-2-2021-new-sout-full-movie-hindi-fan-dubbed-hindi-fan-dubbed-and-malaya/Drishyam%202%20%282021%29%20New%20Sout%20Full%20Movie%20Hindi%20Fan%20Dubbed%20%5BHindi%20%28Fan%20Dubbed%29%20And%20Malayalam%5D%20Esub%20HD%20%5BNo%20Ads%5D%20400mb.mp4,Hindi,HINDI_AUDIO,1,hi,False,True,False,False,PASS,Catalog metadata agrees with stream audio topology.
vod_kantara,Kantara,MOVIE,https://archive.org/download/tamil-vip.tv-kantara-2022-tamil-true-web-dl-1080p-avc-dd-5-1-640-kbps-aac-3-gb-esub-nq-360p/TamilVip.tv_-_Kantara_%282022%29_Tamil_TRUE_WEB_DL_1080p_AVC_%28DD%2B5_1_640Kbps_%26_AAC%29_3GB_ESub_NQ_360p.mp4,Hindi,HINDI_AUDIO,1,hi,False,True,False,False,PASS,Catalog metadata agrees with stream audio topology.
vod_kgf_chapter_1,K.G.F: Chapter 1,MOVIE,https://archive.org/download/k.-g.-f.-chapter-1-2018-hindi-org-1080p-web-dl/K.G.F.%20Chapter%201%20%282018%29%20Hindi%20ORG%201080p%20WEB%20DL.mp4,Hindi,HINDI_AUDIO,1,hi,False,True,False,False,PASS,Catalog metadata agrees with stream audio topology.
vod_baahubali_1,Baahubali: The Beginning,MOVIE,https://archive.org/download/baahubali-the-beginning-hindi-version/Baahubali_%20The%20Beginning%20%28Hindi%20Version%29.mp4,Hindi,HINDI_AUDIO,1,hi,False,True,False,False,PASS,Catalog metadata agrees with stream audio topology.
vod_baahubali_2,Baahubali 2: The Conclusion,MOVIE,https://archive.org/download/jeosdnsdnjw/MoviesGap.com_Baahubali%202%20The%20Conclusion%20%282017%29%20720p%20WEBRip%20x264.mp4,Hindi,HINDI_AUDIO,1,hi,False,True,False,False,PASS,Catalog metadata agrees with stream audio topology.
vod_tumbbad,Tumbbad,MOVIE,https://archive.org/download/tumbbad-720p/Tumbbad720p.mp4,Hindi,HINDI_AUDIO,1,hi,False,True,False,False,PASS,Catalog metadata agrees with stream audio topology.
vod_andhadhun,Andhadhun,MOVIE,https://archive.org/download/bollywoodmovies/Andhadhun%20%282018%29.mp4,Hindi,HINDI_AUDIO,1,hi,False,True,False,False,PASS,Catalog metadata agrees with stream audio topology.
vod_shershaah,Uri: The Surgical Strike,MOVIE,https://archive.org/download/uri-the-surgical-strike-1080p-2019/Uri%20The%20Surgical%20Strike%201080p%202019.mp4,Hindi,HINDI_AUDIO,1,hi,False,True,False,False,PASS,Catalog metadata agrees with stream audio topology.
vod_3_idiots,3 Idiots,MOVIE,https://archive.org/download/3-idiots_202108/3_Idiots.mp4,Hindi,HINDI_AUDIO,1,hi,False,True,False,False,PASS,Catalog metadata agrees with stream audio topology.
vod_gangs_of_wasseypur,Gangs of Wasseypur,MOVIE,https://archive.org/download/gangs-of-wasseypur.-2012.-part-2.-blu-ray.-720p.-hevc.-hindi.-aac-5.1.x-264.-esub-hdhub-4u.-tv/Gangs%20of%20Wasseypur.2012.Part1.BluRay.720p.HEVC.Hindi.AAC5.1.x265.Esub-HDHub4u.Tv.mp4,Hindi,HINDI_AUDIO,1,hi,False,True,False,False,PASS,Catalog metadata agrees with stream audio topology.
vod_vikram_vedha,Vikram Vedha,MOVIE,https://archive.org/download/vikram-vedha-2017-tamil/Vikram%20Vedha%20%282017%29%20Tamil.mp4,Hindi,HINDI_AUDIO,1,hi,False,True,False,False,PASS,Catalog metadata agrees with stream audio topology.
vod_masoom_1983,Masoom,MOVIE,https://archive.org/download/masoom-1983-1080p-web-dl/Masoom%201983%20WEBDL-1080p.mp4,Hindi,HINDI_AUDIO,1,hi,False,True,False,False,PASS,Catalog metadata agrees with stream audio topology.
vod_jaane_bhi_do_yaaro,Jaane Bhi Do Yaaro,MOVIE,https://archive.org/download/jaane-bhi-do-yaaro-1983-dvdrip/Jaane%20Bhi%20Do%20Yaaro%201983%20DVDrip.mp4,Hindi,HINDI_AUDIO,1,hi,False,True,False,False,PASS,Catalog metadata agrees with stream audio topology.
vod_chhoti_si_baat,Chhoti Si Baat,MOVIE,https://archive.org/download/chhoti-si-baat-1975/chhoti%20si%20baat%201975.mp4,Hindi,HINDI_AUDIO,1,hi,False,True,False,False,PASS,Catalog metadata agrees with stream audio topology.
vod_do_bigha_zamin,Do Bigha Zamin,MOVIE,https://archive.org/download/do.-bigha.-zamin.-1953.576p.-mubi.-web-dl.x-264/Do.Bigha.Zamin.1953.576p.MUBI.WEB-DL.x264.mp4,Hindi,HINDI_AUDIO,1,hi,False,True,False,False,PASS,Catalog metadata agrees with stream audio topology.
vod_night_of_the_living_dead,Night of the Living Dead,MOVIE,https://archive.org/download/Night.Of.The.Living.Dead_1080p/NightOfTheLivingDead_1080p.mp4,English,NON_HINDI_AUDIO,1,en,False,False,False,False,PASS,Catalog metadata agrees with stream audio topology.
vod_charade_1963,Charade,MOVIE,https://archive.org/download/charade-stanley-donen-1963-cary-grant-audrey-hepburn-comedie-policiere/Charade%20Stanley%20Donen%201963%20Cary%20Grant%20Audrey%20Hepburn%20Com%C3%A9die%20polici%C3%A8re.mp4,English,NON_HINDI_AUDIO,1,en,False,False,False,False,PASS,Catalog metadata agrees with stream audio topology.
vod_carnival_of_souls,Carnival of Souls,MOVIE,https://archive.org/download/CarnivalofSouls/CarnivalOfSouls.mp4,English,NON_HINDI_AUDIO,1,en,False,False,False,False,PASS,Catalog metadata agrees with stream audio topology.
vod_house_on_haunted_hill,House on Haunted Hill,MOVIE,https://archive.org/download/house_on_haunted_hill_ipod/house_on_haunted_hill.mp4,English,NON_HINDI_AUDIO,1,en,False,False,False,False,PASS,Catalog metadata agrees with stream audio topology.
vod_dressed_to_kill,Dressed to Kill (Sherlock Holmes),MOVIE,https://archive.org/download/dressed_to_kill/dressed_to_kill.mp4,English,NON_HINDI_AUDIO,1,en,False,False,False,False,PASS,Catalog metadata agrees with stream audio topology.
series_sherlock_holmes_1954,Sherlock Holmes (1954 Classic Series),SERIES,,English,NON_HINDI_AUDIO,0,,False,False,False,False,NO_DIRECT_SOURCE,Item has no direct media stream (trailer/licensed only).
disc_VoyagetothePlanetofPrehistoricWomen,Voyage To The Planet Of Prehistoric Women,MOVIE,https://archive.org/download/VoyagetothePlanetofPrehistoricWomen/VoyagetothePlanetofPrehistoricWomen.mp4,English,NON_HINDI_AUDIO,1,en,False,False,False,False,PASS,Catalog metadata agrees with stream audio topology.
disc_TheFastandtheFuriousJohnIreland1954goofyrip,The Fast And The Furious,MOVIE,https://archive.org/download/TheFastandtheFuriousJohnIreland1954goofyrip/TheFastandtheFuriousJohnIreland1954goofyrip.mp4,English,NON_HINDI_AUDIO,1,en,False,False,False,False,PASS,Catalog metadata agrees with stream audio topology.
disc_charlie_chaplin_film_fest,Charlie Chaplin Festival,MOVIE,https://archive.org/download/charlie_chaplin_film_fest/charlie_chaplin_film_fest.mp4,English,NON_HINDI_AUDIO,1,en,False,False,False,False,PASS,Catalog metadata agrees with stream audio topology.
disc_Return_of_the_Kung_Fu_Dragon,Return Of The Kung Fu Dragon,MOVIE,https://archive.org/download/Return_of_the_Kung_Fu_Dragon/Return_of_the_Kung_Fu_Dragon.mp4,English,NON_HINDI_AUDIO,1,en,False,False,False,False,PASS,Catalog metadata agrees with stream audio topology.
vod_avengers_doomsday_2026,Avengers: Doomsday,MOVIE,,English,NON_HINDI_AUDIO,0,,False,False,False,False,NO_DIRECT_SOURCE,Item has no direct media stream (trailer/licensed only).
vod_the_batman_part_ii_2026,The Batman Part II,MOVIE,,English,NON_HINDI_AUDIO,0,,False,False,False,False,NO_DIRECT_SOURCE,Item has no direct media stream (trailer/licensed only).
vod_fateh_2025,Fateh,MOVIE,https://archive.org/download/fateh-2025-720p-hindi-org-web-dl_202512/Fateh%20%282025%29%20720p%20Hindi%20ORG%20WEB%20DL.mp4,Hindi,HINDI_AUDIO,1,hi,False,True,False,False,PASS,Catalog metadata agrees with stream audio topology.
vod_sky_force_2025,Sky Force,MOVIE,https://archive.org/download/sky-force-2025-hindi-mkv-movies-point.-golf-480p-webrip/Sky%20Force%202025%20Hindi%20%5BMkvMoviesPoint.Golf%5D%20480p%20WEBRip.mp4,Hindi,HINDI_AUDIO,1,hi,False,True,False,False,PASS,Catalog metadata agrees with stream audio topology.
vod_game_changer_2025,Game Changer,MOVIE,https://archive.org/download/game.-changer.-2025-dual-audio-hindi-bingehub.fun-1080p-web-dl/Game.Changer.2025%20Dual%20Audio%20Hindi%20bingehub.fun%201080p%20WEB-DL.mp4,"Telugu, Hindi",MULTI_AUDIO_INCLUDING_HINDI,1,hi,True,True,True,False,SOURCE_METADATA_INVALID,"Catalog claims 2 languages (Telugu, Hindi), but progressive MP4 container contains only a single audio stream."
vod_laapataa_ladies_2024,Laapataa Ladies,MOVIE,https://archive.org/download/laapataa.-ladies/Laapataa.Ladies.mkv,Hindi,HINDI_AUDIO,1,hi,False,True,False,False,PASS,Catalog metadata agrees with stream audio topology.
vod_article_370_2024,Article 370,MOVIE,https://archive.org/download/article-370-2024-hindi-720p-web-dl-esub/Article%20370%20%282024%29%20Hindi%20720p%20WEB-DL%20ESub.mp4,Hindi,HINDI_AUDIO,1,hi,False,True,False,False,PASS,Catalog metadata agrees with stream audio topology.
vod_mission_raniganj_2023,Mission Raniganj,MOVIE,https://archive.org/download/lagaan.-once.-upon.-a.-time.-in.-india.-2001.1080p.-webrip.x-264.-aac-5.1-yts.-mx_202406/Mission%20Raniganj%20%282023%29%20%5B1080p%5D%20%5BWEBRip%5D%20%5Bx265%5D%20%5B10bit%5D%20%5B5.1%5D%20%5BYTS.MX%5D/Mission.Raniganj.2023.1080p.WEBRip.x265.10bit.AAC5.1-%5BYTS.MX%5D.mp4,Hindi,HINDI_AUDIO,1,hi,False,True,False,False,PASS,Catalog metadata agrees with stream audio topology.
vod_badla_2019,Badla,MOVIE,https://archive.org/download/lagaan.-once.-upon.-a.-time.-in.-india.-2001.1080p.-webrip.x-264.-aac-5.1-yts.-mx_202406/Badla%20%282019%29%20%5B1080p%5D%20%5BWEBRip%5D%20%5B5.1%5D%20%5BYTS.MX%5D/Badla.2019.1080p.WEBRip.x264.AAC5.1-%5BYTS.MX%5D.mp4,Hindi,HINDI_AUDIO,1,hi,False,True,False,False,PASS,Catalog metadata agrees with stream audio topology.
vod_kesari_2019,Kesari,MOVIE,https://archive.org/download/lagaan.-once.-upon.-a.-time.-in.-india.-2001.1080p.-webrip.x-264.-aac-5.1-yts.-mx_202406/Kesari%20%282019%29%20%5B1080p%5D%20%5BBluRay%5D%20%5B5.1%5D%20%5BYTS.MX%5D/Kesari.2019.1080p.BluRay.x264.AAC5.1-%5BYTS.MX%5D.mp4,Hindi,HINDI_AUDIO,1,hi,False,True,False,False,PASS,Catalog metadata agrees with stream audio topology.
vod_airlift_2016,Airlift,MOVIE,https://archive.org/download/lagaan.-once.-upon.-a.-time.-in.-india.-2001.1080p.-webrip.x-264.-aac-5.1-yts.-mx_202406/Airlift%20%282016%29%20%5B1080p%5D%20%5BBluRay%5D%20%5B5.1%5D%20%5BYTS.MX%5D/Airlift.2016.1080p.BluRay.x264.AAC5.1-%5BYTS.MX%5D.mp4,Hindi,HINDI_AUDIO,1,hi,False,True,False,False,PASS,Catalog metadata agrees with stream audio topology.
vod_baby_2015,Baby,MOVIE,https://archive.org/download/lagaan.-once.-upon.-a.-time.-in.-india.-2001.1080p.-webrip.x-264.-aac-5.1-yts.-mx_202406/Baby%20%282015%29%20%5B1080p%5D%20%5BBluRay%5D%20%5B5.1%5D%20%5BYTS.MX%5D/Baby.2015.1080p.BluRay.x264.AAC5.1-%5BYTS.MX%5D.mp4,Hindi,HINDI_AUDIO,1,hi,False,True,False,False,PASS,Catalog metadata agrees with stream audio topology.
vod_holiday_2014,Holiday: A Soldier Is Never Off Duty,MOVIE,https://archive.org/download/lagaan.-once.-upon.-a.-time.-in.-india.-2001.1080p.-webrip.x-264.-aac-5.1-yts.-mx_202406/Holiday%20A%20Soldier%20Is%20Never%20Off%20Duty%20%282014%29%20%5B1080p%5D%20%5BBluRay%5D%20%5B5.1%5D%20%5BYTS.MX%5D/Holiday.A.Soldier.Is.Never.Off.Duty.2014.1080p.BluRay.x264.AAC5.1-%5BYTS.MX%5D.mp4,Hindi,HINDI_AUDIO,1,hi,False,True,False,False,PASS,Catalog metadata agrees with stream audio topology.
vod_rockstar_2011,Rockstar,MOVIE,https://archive.org/download/rockstar-2011/Rockstar%20%282011%29.mkv,Hindi,HINDI_AUDIO,1,hi,False,True,False,False,PASS,Catalog metadata agrees with stream audio topology.
vod_znmd_2011,Zindagi Na Milegi Dobara,MOVIE,https://archive.org/download/zindagi-na-milegi-dobara-2011-webhd-720-p-hritik-roshan-abhay-deol/Zindagi%20Na%20Milegi%20Dobara%202011%20WEBHD%20720P%20HRITIK%20ROSHAN%2C%20ABHAY%20DEOL.mp4,Hindi,HINDI_AUDIO,1,hi,False,True,False,False,PASS,Catalog metadata agrees with stream audio topology.
vod_ghajini_2008,Ghajini,MOVIE,https://archive.org/download/lagaan.-once.-upon.-a.-time.-in.-india.-2001.1080p.-webrip.x-264.-aac-5.1-yts.-mx_202406/Ghajini%20%282008%29%20%5BBluRay%5D%20%5B1080p%5D%20%5BYTS.LT%5D/Ghajini.2008.1080p.BluRay.x264-%5BYTS.LT%5D.mp4,Hindi,HINDI_AUDIO,1,hi,False,True,False,False,PASS,Catalog metadata agrees with stream audio topology.
vod_taare_zameen_par_2007,Taare Zameen Par,MOVIE,https://archive.org/download/taare-zameen-par-hindi-educational-movie/Taare%20Zameen%20Par%20Hindi%20Educational%20Movie.mp4,Hindi,HINDI_AUDIO,1,hi,False,True,False,False,PASS,Catalog metadata agrees with stream audio topology.
vod_rang_de_basanti_2006,Rang De Basanti,MOVIE,https://archive.org/download/rang-de-basanti-hindi-educational-movie/Rang%20De%20Basanti%20Hindi%20Educational%20Movie.mp4,Hindi,HINDI_AUDIO,1,hi,False,True,False,False,PASS,Catalog metadata agrees with stream audio topology.
vod_lagaan_2001,Lagaan: Once Upon a Time in India,MOVIE,https://archive.org/download/lagaan.-once.-upon.-a.-time.-in.-india.-2001.1080p.-webrip.x-264.-aac-5.1-yts.-mx_202406/Lagaan%20Once%20Upon%20A%20Time%20In%20India%20%282001%29%20%5B1080p%5D%20%5BWEBRip%5D%20%5B5.1%5D%20%5BYTS.MX%5D/Lagaan.Once.Upon.A.Time.In.India.2001.1080p.WEBRip.x264.AAC5.1-%5BYTS.MX%5D.mp4,Hindi,HINDI_AUDIO,1,hi,False,True,False,False,PASS,Catalog metadata agrees with stream audio topology.
vod_aavesham_2024,Aavesham,MOVIE,https://archive.org/download/aavesham-2024-malayalam-movie-in-hindi-org-dual-audio-south-movie-uncut-1080p-hdrip-2.69-gb-esubs/Aav3sham%20%282024%29%20M%40l%40yal4m%20Movie%20in%20Hindi%20ORG%20Dual%20Audio%20South%20Movie%20UNCUT%201080p%20HDRip%202.69GB%20ESubs.mkv,"Hindi, Malayalam",MULTI_AUDIO_INCLUDING_HINDI,1,"hi, ml",False,True,False,False,PASS,Catalog metadata agrees with stream audio topology.
vod_bramayugam_2024,Bramayugam,MOVIE,https://archive.org/download/bramayugam-2024-web-rip-720p-hindi-malayalam-aac-2.0-x-264-esub/Bramayugam%202024%20WebRip%20720p%20Hindi%20Malayalam%20AAC%202.0%20x264%20ESub%20-%20mkvCinemas.mkv,"Hindi, Malayalam",MULTI_AUDIO_INCLUDING_HINDI,1,"hi, ml",False,True,False,False,PASS,Catalog metadata agrees with stream audio topology.
vod_aadujeevitham_2024,The Goat Life (Aadujeevitham),MOVIE,https://archive.org/download/aadujeevitham-the-goat-life-2024-web-rip-720p-hindi-aac-5.1-x-264-esub/Aadujeevitham%20The%20Goat%20Life%202024%20WebRip%20720p%20Hindi%20AAC%205.1%20x264%20ESub%20-%20mkvCinemas.mkv,Hindi,HINDI_AUDIO,1,hi,False,True,False,False,PASS,Catalog metadata agrees with stream audio topology.
vod_maharaja_2024,Maharaja,MOVIE,https://archive.org/download/maharaja.-2024./Maharaja.2024..mp4,Tamil,NON_HINDI_AUDIO,1,ta,False,False,False,False,PASS,Catalog metadata agrees with stream audio topology.
vod_premalu_2024,Premalu,MOVIE,https://archive.org/download/mm-premalu-2024-malayalam-hdrip-1080p-hevc/%5BMM%5D%20Premalu%20%282024%29%20Malayalam%20HDRip%201080p%20HEVC%20.mkv,Malayalam,NON_HINDI_AUDIO,1,ml,False,False,False,False,PASS,Catalog metadata agrees with stream audio topology.
vod_manjummel_boys_2024,Manjummel Boys,MOVIE,https://archive.org/download/ms-manjummel-boys-2024-tamil-hdrip-1080p-hevc/%5BMS%5D%20Manjummel%20Boys%20%282024%29%20Tamil%20HDRip%201080p%C2%A0HEVC%20.mkv,Tamil,NON_HINDI_AUDIO,1,ta,False,False,False,False,PASS,Catalog metadata agrees with stream audio topology.
vod_amar_singh_chamkila_2024,Amar Singh Chamkila,MOVIE,https://archive.org/download/amar-singh-chamkila-1080p-2024/Amar%20Singh%20Chamkila%201080p%202024.ia.mp4,"Hindi, Punjabi",HINDI_AUDIO,1,"hi, punjabi",False,True,False,False,PASS,Catalog metadata agrees with stream audio topology.
vod_blackout_2024,Blackout,MOVIE,https://archive.org/download/maharaja-2024-hindi-tamil-dual-audio-un-cut-movie-hd-720p-esub/Blackout%20%282024%29%20Bollywood%20Hindi%20Movies%20HD%20720p%20ESub.mkv,Hindi,HINDI_AUDIO,1,hi,False,True,False,False,PASS,Catalog metadata agrees with stream audio topology.
vod_hanuman_2024,Hanu-Man,MOVIE,https://archive.org/download/hanuman-2024-hindi-1080p-web-dl-x-264-aac-2.5-gb-qrips/Hanuman%20%282024%29%20Hindi%201080p%20WEB-DL%20x264%20AAC%202.5GB%20-%20QRips.mkv,Hindi,HINDI_AUDIO,1,hi,False,True,False,False,PASS,Catalog metadata agrees with stream audio topology.
vod_kill_2024,Kill,MOVIE,https://archive.org/download/kill-2024-hindi_202409/Kill_2024_Hindi_.ia.mp4,Hindi,HINDI_AUDIO,1,hi,False,True,False,False,PASS,Catalog metadata agrees with stream audio topology.
vod_crew_2024,Crew,MOVIE,https://archive.org/download/crew-2024-hindi-full-movie-web-dl-filmy-zilla.vin/Crew_2024_Hindi_Full_Movie_WEB-DL_%28FilmyZilla.vin%29.ia.mp4,Hindi,HINDI_AUDIO,1,hi,False,True,False,False,PASS,Catalog metadata agrees with stream audio topology.
vod_jailer_2023,Jailer,MOVIE,,Tamil,NON_HINDI_AUDIO,0,,False,False,False,False,NO_DIRECT_SOURCE,Item has no direct media stream (trailer/licensed only).
vod_sam_bahadur_2023,Sam Bahadur,MOVIE,https://archive.org/download/sam-bahadur-2023-1080p/Sam%20Bahadur%202023%201080p.mkv,Hindi,HINDI_AUDIO,1,hi,False,True,False,False,PASS,Catalog metadata agrees with stream audio topology.
vod_vikram_2022,Vikram,MOVIE,https://archive.org/download/vikram-2022-multi-auds-tel-tam-hin-720-p-pre-dvd-rip-avc-aac-2.0-320-kbps-2.3-gb-dsm/Vikram%20%282022%29%20-%20Multi%20Auds%5BTel%20%20%20Tam%20%20%20Hin%5D%20-%20720P%20-%20PreDvdRip%20-%20AVC%20-%20AAC%282.0%29%20-%20320Kbps%20-%202.3GB%20-%20%5BDSM%5D.mp4,"Telugu, Tamil, Hindi",MULTI_AUDIO_INCLUDING_HINDI,1,hi,True,True,True,False,SOURCE_METADATA_INVALID,"Catalog claims 3 languages (Telugu, Tamil, Hindi), but progressive MP4 container contains only a single audio stream."
vod_sita_ramam_2022,Sita Ramam,MOVIE,https://archive.org/download/mm-sita-ramam-2022-malayalam-hdrip/%5BMM%5D%20Sita%20Ramam%20%282022%29%20Malayalam%20HDRip.mp4,Malayalam,NON_HINDI_AUDIO,1,ml,False,False,False,False,PASS,Catalog metadata agrees with stream audio topology.
vod_karthikeya_2_2022,Karthikeya 2,MOVIE,https://archive.org/download/karthikeya-2-2022-1080p-telugu-hq-web-dl-x-264-dd-5.1-384-kbps-aac-2.0-esub_202406/Karthikeya%202%20%282022%29%20720p%20Telugu%20HQ%20HDRip%20x264%20%28DD%2B%205.1%20-%20384Kbps%20%26%20AAC%202.0%29%20ESub.mkv,Telugu,NON_HINDI_AUDIO,1,te,False,False,False,False,PASS,Catalog metadata agrees with stream audio topology.
vod_777_charlie_2022,777 Charlie,MOVIE,https://archive.org/download/777-charlie-2022/777%20Charlie%20%282022%29.mkv,Tamil,NON_HINDI_AUDIO,1,ta,False,False,False,False,PASS,Catalog metadata agrees with stream audio topology.
vod_minnal_murali_2021,Minnal Murali,MOVIE,https://archive.org/download/dsm-minnal-murali-2021-multi-auds-tel-tam-mal-hin-kan-hdrip-1080-p-hevc-aac-2.0-/%5BDSM%5D%20-%20Minnal%20Murali%20%282021%29%20Multi%20Auds%5BTel%20%2B%20Tam%20%2B%20Mal%20%2B%20Hin%20%2B%20Kan%5D%20-%20HDRip%20-%201080P%20-%20HEVC%20-%20AAC%282.0%29%20-%2064Kbps%20-%20ESubs%20-%201.7GB%20-%20%5BDSM%5D.mkv,"Telugu, Tamil, Malayalam, Hindi, Kannada",MULTI_AUDIO_INCLUDING_HINDI,1,"te, ta, ml, hi, kn",False,True,False,False,PASS,Catalog metadata agrees with stream audio topology.
vod_sardar_udham_2021,Sardar Udham,MOVIE,https://archive.org/download/telegram-apdbackup-sardar-udham-2021-720p-amzn-web-dl-ddp-5-1-hevc/Telegram%40APDBackupSardar_Udham_2021_720p_AMZN_WEB_DL_DDP5_1_HEVC.mkv,Hindi,HINDI_AUDIO,1,hi,False,True,False,False,PASS,Catalog metadata agrees with stream audio topology.
vod_jai_bhim_2021,Jai Bhim,MOVIE,https://archive.org/download/jai-bhim-new-south-indian-hindi-dubbed-web-rip-full-hd-movie/Jai_Bhim_New_South_Indian_Hindi_Dubbed_WebRip_Full_HD_Movie.mkv,Hindi,HINDI_AUDIO,1,hi,False,True,False,False,PASS,Catalog metadata agrees with stream audio topology.
vod_ala_vaikunthapurramuloo_2020,Ala Vaikunthapurramuloo,MOVIE,https://archive.org/download/ala-vaikunthapurramuloo-2020-dual-hindi-telugu-1080p-ds-4-k-webrip-x-265-10bit-ddp/Ala%20Vaikunthapurramuloo%20%282020%29%20DUAL%20%28Hindi%2BTelugu%29%20%281080p%20DS4K%20WEBRip%20x265%2010bit%20DDP%29.mkv,"Hindi, Telugu",MULTI_AUDIO_INCLUDING_HINDI,1,"hi, te",False,True,False,False,PASS,Catalog metadata agrees with stream audio topology.
vod_ludo_2020,Ludo,MOVIE,https://archive.org/download/ludo.-2020.-hindi.-720p.-webrip.x-264/Ludo.2020.Hindi.720p.WEBRip.x264.mkv,Hindi,HINDI_AUDIO,1,hi,False,True,False,False,PASS,Catalog metadata agrees with stream audio topology.
vod_thappad_2020,Thappad,MOVIE,https://archive.org/download/www.-8xflix.org-thappad-2020-hindi-hdrip-400-mb-x-264-mp-3-esubs/www.8xflix.org%20-%20THAPPAD%20%282020%29%20Hindi%20HDRip%20-%20400MB%20-%20x264%20-%20MP3%20-%20ESubs.mkv,Hindi,HINDI_AUDIO,1,hi,False,True,False,False,PASS,Catalog metadata agrees with stream audio topology.
vod_bandaa_2023,Sirf Ek Bandaa Kaafi Hai,MOVIE,https://archive.org/download/sirf-ek-bandaa-kaafi-hai-2023-1080p-web-dl-aac-5-1-esub-x-264-hdhub-4u/Sirf_Ek_Bandaa_Kaafi_Hai_2023_1080p_WEB_DL_AAC_5_1_ESub_x264_HDHub4u.mkv,Hindi,HINDI_AUDIO,1,hi,False,True,False,False,PASS,Catalog metadata agrees with stream audio topology.
