series_id,series_title,region,series_type,season_number,episode_number,episode_id,episode_title,source_url,duration_seconds,expected_duration_min,video_resolution,video_codec,audio_streams_count,audio_languages,classification,is_duplicate,duplicate_of,notes
series_sherlock_holmes,The Adventures of Sherlock Holmes (1984),PUBLIC_DOMAIN,Web-Series,1,1,sherlock_s1e1,S01:E01 • Ep 1,https://archive.org/download/granada-holmes/The%20Adventures%20Of%20Sherlock%20Holmes%20Season%201%20to%207%20Mp4%201080p/Season%201/Sherlock%20Holmes%20S01E01%20A%20Scandal%20In%20Bohemia.mp4,,54,,,0,,FULL_EPISODE,False,,
series_sherlock_holmes,The Adventures of Sherlock Holmes (1984),PUBLIC_DOMAIN,Web-Series,1,2,sherlock_s1e2,S01:E02 • Ep 2,https://archive.org/download/granada-holmes/The%20Adventures%20Of%20Sherlock%20Holmes%20Season%201%20to%207%20Mp4%201080p/Season%201/Sherlock%20Holmes%20S01E02%20The%20Dancing%20Men.mp4,,54,,,0,,FULL_EPISODE,False,,
series_sherlock_holmes,The Adventures of Sherlock Holmes (1984),PUBLIC_DOMAIN,Web-Series,1,3,sherlock_s1e3,S01:E03 • Ep 3,https://archive.org/download/granada-holmes/The%20Adventures%20Of%20Sherlock%20Holmes%20Season%201%20to%207%20Mp4%201080p/Season%201/Sherlock%20Holmes%20S01E03%20The%20Naval%20Treaty.mp4,,54,,,0,,FULL_EPISODE,False,,
series_sherlock_holmes,The Adventures of Sherlock Holmes (1984),PUBLIC_DOMAIN,Web-Series,1,4,sherlock_s1e4,S01:E04 • Ep 4,https://archive.org/download/granada-holmes/The%20Adventures%20Of%20Sherlock%20Holmes%20Season%201%20to%207%20Mp4%201080p/Season%201/Sherlock%20Holmes%20S01E04%20The%20Solitary%20Cyclist.mp4,,54,,,0,,FULL_EPISODE,False,,
series_sherlock_holmes,The Adventures of Sherlock Holmes (1984),PUBLIC_DOMAIN,Web-Series,1,5,sherlock_s1e5,S01:E05 • Ep 5,https://archive.org/download/granada-holmes/The%20Adventures%20Of%20Sherlock%20Holmes%20Season%201%20to%207%20Mp4%201080p/Season%201/Sherlock%20Holmes%20S01E05%20The%20Crooked%20Man.mp4,,54,,,0,,FULL_EPISODE,False,,
series_sherlock_holmes,The Adventures of Sherlock Holmes (1984),PUBLIC_DOMAIN,Web-Series,1,6,sherlock_s1e6,S01:E06 • Ep 6,https://archive.org/download/granada-holmes/The%20Adventures%20Of%20Sherlock%20Holmes%20Season%201%20to%207%20Mp4%201080p/Season%201/Sherlock%20Holmes%20S01E06%20The%20Speckled%20Band.mp4,,54,,,0,,FULL_EPISODE,False,,
series_sherlock_holmes,The Adventures of Sherlock Holmes (1984),PUBLIC_DOMAIN,Web-Series,1,7,sherlock_s1e7,S01:E07 • Ep 7,https://archive.org/download/granada-holmes/The%20Adventures%20Of%20Sherlock%20Holmes%20Season%201%20to%207%20Mp4%201080p/Season%201/Sherlock%20Holmes%20S01E07%20The%20Blue%20Carbuncle.mp4,,54,,,0,,FULL_EPISODE,False,,
series_sherlock_holmes,The Adventures of Sherlock Holmes (1984),PUBLIC_DOMAIN,Web-Series,1,8,sherlock_s1e8,S01:E08 • Ep 8,https://archive.org/download/granada-holmes/The%20Adventures%20Of%20Sherlock%20Holmes%20Season%201%20to%207%20Mp4%201080p/Season%202/Sherlock%20Holmes%20S02E01%20The%20Copper%20Beeches.mp4,,54,,,0,,FULL_EPISODE,False,,
series_sherlock_holmes,The Adventures of Sherlock Holmes (1984),PUBLIC_DOMAIN,Web-Series,1,9,sherlock_s1e9,S01:E09 • Ep 9,https://archive.org/download/granada-holmes/The%20Adventures%20Of%20Sherlock%20Holmes%20Season%201%20to%207%20Mp4%201080p/Season%202/Sherlock%20Holmes%20S02E02%20The%20Greek%20Interpreter.mp4,,54,,,0,,FULL_EPISODE,False,,
series_sherlock_holmes,The Adventures of Sherlock Holmes (1984),PUBLIC_DOMAIN,Web-Series,1,10,sherlock_s1e10,S01:E10 • Ep 10,https://archive.org/download/granada-holmes/The%20Adventures%20Of%20Sherlock%20Holmes%20Season%201%20to%207%20Mp4%201080p/Season%202/Sherlock%20Holmes%20S02E03%20The%20Norwood%20Builder.mp4,,54,,,0,,FULL_EPISODE,False,,
series_sherlock_holmes,The Adventures of Sherlock Holmes (1984),PUBLIC_DOMAIN,Web-Series,1,11,sherlock_s1e11,S01:E11 • Ep 11,https://archive.org/download/granada-holmes/The%20Adventures%20Of%20Sherlock%20Holmes%20Season%201%20to%207%20Mp4%201080p/Season%202/Sherlock%20Holmes%20S02E04%20The%20Resident%20Patient.mp4,,54,,,0,,FULL_EPISODE,False,,
series_sherlock_holmes,The Adventures of Sherlock Holmes (1984),PUBLIC_DOMAIN,Web-Series,1,12,sherlock_s1e12,S01:E12 • Ep 12,https://archive.org/download/granada-holmes/The%20Adventures%20Of%20Sherlock%20Holmes%20Season%201%20to%207%20Mp4%201080p/Season%202/Sherlock%20Holmes%20S02E05%20The%20Red%20Headed%20League.mp4,,54,,,0,,FULL_EPISODE,False,,
series_sherlock_holmes,The Adventures of Sherlock Holmes (1984),PUBLIC_DOMAIN,Web-Series,1,13,sherlock_s1e13,S01:E13 • Ep 13,https://archive.org/download/granada-holmes/The%20Adventures%20Of%20Sherlock%20Holmes%20Season%201%20to%207%20Mp4%201080p/Season%202/Sherlock%20Holmes%20S02E06%20The%20Final%20Problem.mp4,,54,,,0,,FULL_EPISODE,False,,
series_sherlock_holmes,The Adventures of Sherlock Holmes (1984),PUBLIC_DOMAIN,Web-Series,2,1,sherlock_s2e1,S02:E01 • Ep 1,https://archive.org/download/granada-holmes/The%20Adventures%20Of%20Sherlock%20Holmes%20Season%201%20to%207%20Mp4%201080p/Season%203/Sherlock%20Holmes%20S03E01%20The%20Empty%20House.mp4,,52,,,0,,FULL_EPISODE,False,,
series_sherlock_holmes,The Adventures of Sherlock Holmes (1984),PUBLIC_DOMAIN,Web-Series,2,2,sherlock_s2e2,S02:E02 • Ep 2,https://archive.org/download/granada-holmes/The%20Adventures%20Of%20Sherlock%20Holmes%20Season%201%20to%207%20Mp4%201080p/Season%203/Sherlock%20Holmes%20S03E02%20The%20Abbey%20Grange.mp4,,52,,,0,,FULL_EPISODE,False,,
series_sherlock_holmes,The Adventures of Sherlock Holmes (1984),PUBLIC_DOMAIN,Web-Series,2,3,sherlock_s2e3,S02:E03 • Ep 3,https://archive.org/download/granada-holmes/The%20Adventures%20Of%20Sherlock%20Holmes%20Season%201%20to%207%20Mp4%201080p/Season%203/Sherlock%20Holmes%20S03E03%20The%20Musgrave%20Ritual.mp4,,52,,,0,,FULL_EPISODE,False,,
series_sherlock_holmes,The Adventures of Sherlock Holmes (1984),PUBLIC_DOMAIN,Web-Series,2,4,sherlock_s2e4,S02:E04 • Ep 4,https://archive.org/download/granada-holmes/The%20Adventures%20Of%20Sherlock%20Holmes%20Season%201%20to%207%20Mp4%201080p/Season%203/Sherlock%20Holmes%20S03E04%20The%20Second%20Stain.mp4,,52,,,0,,FULL_EPISODE,False,,
series_sherlock_holmes,The Adventures of Sherlock Holmes (1984),PUBLIC_DOMAIN,Web-Series,2,5,sherlock_s2e5,S02:E05 • Ep 5,https://archive.org/download/granada-holmes/The%20Adventures%20Of%20Sherlock%20Holmes%20Season%201%20to%207%20Mp4%201080p/Season%203/Sherlock%20Holmes%20S03E05%20The%20Man%20With%20The%20Twisted%20Lip.mp4,,52,,,0,,FULL_EPISODE,False,,
series_sherlock_holmes,The Adventures of Sherlock Holmes (1984),PUBLIC_DOMAIN,Web-Series,2,6,sherlock_s2e6,S02:E06 • Ep 6,https://archive.org/download/granada-holmes/The%20Adventures%20Of%20Sherlock%20Holmes%20Season%201%20to%207%20Mp4%201080p/Season%203/Sherlock%20Holmes%20S03E06%20The%20Priory%20School.mp4,,52,,,0,,FULL_EPISODE,False,,
series_sherlock_holmes,The Adventures of Sherlock Holmes (1984),PUBLIC_DOMAIN,Web-Series,2,7,sherlock_s2e7,S02:E07 • Ep 7,https://archive.org/download/granada-holmes/The%20Adventures%20Of%20Sherlock%20Holmes%20Season%201%20to%207%20Mp4%201080p/Season%203/Sherlock%20Holmes%20S03E07%20The%20Six%20Napoleons.mp4,,52,,,0,,FULL_EPISODE,False,,
series_sherlock_holmes,The Adventures of Sherlock Holmes (1984),PUBLIC_DOMAIN,Web-Series,2,8,sherlock_s2e8,S02:E08 • Ep 8,https://archive.org/download/granada-holmes/The%20Adventures%20Of%20Sherlock%20Holmes%20Season%201%20to%207%20Mp4%201080p/Season%204/Sherlock%20Holmes%20S04E01%20The%20Sign%20Of%20Four.mp4,,52,,,0,,FULL_EPISODE,False,,
series_sherlock_holmes,The Adventures of Sherlock Holmes (1984),PUBLIC_DOMAIN,Web-Series,2,9,sherlock_s2e9,S02:E09 • Ep 9,https://archive.org/download/granada-holmes/The%20Adventures%20Of%20Sherlock%20Holmes%20Season%201%20to%207%20Mp4%201080p/Season%204/Sherlock%20Holmes%20S04E02%20The%20Devils%20Foot.mp4,,52,,,0,,FULL_EPISODE,False,,
series_sherlock_holmes,The Adventures of Sherlock Holmes (1984),PUBLIC_DOMAIN,Web-Series,2,10,sherlock_s2e10,S02:E10 • Ep 10,https://archive.org/download/granada-holmes/The%20Adventures%20Of%20Sherlock%20Holmes%20Season%201%20to%207%20Mp4%201080p/Season%204/Sherlock%20Holmes%20S04E03%20Silver%20Blaze.mp4,,52,,,0,,FULL_EPISODE,False,,
series_sherlock_holmes,The Adventures of Sherlock Holmes (1984),PUBLIC_DOMAIN,Web-Series,2,11,sherlock_s2e11,S02:E11 • Ep 11,https://archive.org/download/granada-holmes/The%20Adventures%20Of%20Sherlock%20Holmes%20Season%201%20to%207%20Mp4%201080p/Season%204/Sherlock%20Holmes%20S04E04%20Wisteria%20Lodge.mp4,,52,,,0,,FULL_EPISODE,False,,
series_sherlock_holmes,The Adventures of Sherlock Holmes (1984),PUBLIC_DOMAIN,Web-Series,2,12,sherlock_s2e12,S02:E12 • Ep 12,https://archive.org/download/granada-holmes/The%20Adventures%20Of%20Sherlock%20Holmes%20Season%201%20to%207%20Mp4%201080p/Season%204/Sherlock%20Holmes%20S04E05%20The%20Bruce%20Partington%20Plans.mp4,,52,,,0,,FULL_EPISODE,False,,
series_sherlock_holmes,The Adventures of Sherlock Holmes (1984),PUBLIC_DOMAIN,Web-Series,2,13,sherlock_s2e13,S02:E13 • Ep 13,https://archive.org/download/granada-holmes/The%20Adventures%20Of%20Sherlock%20Holmes%20Season%201%20to%207%20Mp4%201080p/Season%204/Sherlock%20Holmes%20S04E06%20The%20Hound%20Of%20The%20Baskervilles.mp4,,52,,,0,,FULL_EPISODE,False,,
series_stranger_things,Stranger Things,HOLLYWOOD,Web-Series,1,1,st_s1e1,S01:E01 • Chapter 1,https://archive.org/download/stranger.-things.-s-01.720p.-blu-ray.x-264-galaxy-tv/Stranger.Things.S01.COMPLETE.720p.BluRay.x264-GalaxyTV%5BTGx%5D/Stranger.Things.S01E01.720p.BluRay.x264-GalaxyTV.mp4,,48,,,0,,FULL_EPISODE,False,,
series_stranger_things,Stranger Things,HOLLYWOOD,Web-Series,1,2,st_s1e2,S01:E02 • Chapter 2,https://archive.org/download/stranger.-things.-s-01.720p.-blu-ray.x-264-galaxy-tv/Stranger.Things.S01.COMPLETE.720p.BluRay.x264-GalaxyTV%5BTGx%5D/Stranger.Things.S01E02.720p.BluRay.x264-GalaxyTV.mp4,,48,,,0,,FULL_EPISODE,False,,
series_stranger_things,Stranger Things,HOLLYWOOD,Web-Series,1,3,st_s1e3,S01:E03 • Chapter 3,https://archive.org/download/stranger.-things.-s-01.720p.-blu-ray.x-264-galaxy-tv/Stranger.Things.S01.COMPLETE.720p.BluRay.x264-GalaxyTV%5BTGx%5D/Stranger.Things.S01E03.720p.BluRay.x264-GalaxyTV.mp4,,48,,,0,,FULL_EPISODE,False,,
series_stranger_things,Stranger Things,HOLLYWOOD,Web-Series,1,4,st_s1e4,S01:E04 • Chapter 4,https://archive.org/download/stranger.-things.-s-01.720p.-blu-ray.x-264-galaxy-tv/Stranger.Things.S01.COMPLETE.720p.BluRay.x264-GalaxyTV%5BTGx%5D/Stranger.Things.S01E04.720p.BluRay.x264-GalaxyTV.mp4,,48,,,0,,FULL_EPISODE,False,,
series_stranger_things,Stranger Things,HOLLYWOOD,Web-Series,1,5,st_s1e5,S01:E05 • Chapter 5,https://archive.org/download/stranger.-things.-s-01.720p.-blu-ray.x-264-galaxy-tv/Stranger.Things.S01.COMPLETE.720p.BluRay.x264-GalaxyTV%5BTGx%5D/Stranger.Things.S01E05.720p.BluRay.x264-GalaxyTV.mp4,,48,,,0,,FULL_EPISODE,False,,
series_stranger_things,Stranger Things,HOLLYWOOD,Web-Series,1,6,st_s1e6,S01:E06 • Chapter 6,https://archive.org/download/stranger.-things.-s-01.720p.-blu-ray.x-264-galaxy-tv/Stranger.Things.S01.COMPLETE.720p.BluRay.x264-GalaxyTV%5BTGx%5D/Stranger.Things.S01E06.720p.BluRay.x264-GalaxyTV.mp4,,48,,,0,,FULL_EPISODE,False,,
series_stranger_things,Stranger Things,HOLLYWOOD,Web-Series,1,7,st_s1e7,S01:E07 • Chapter 7,https://archive.org/download/stranger.-things.-s-01.720p.-blu-ray.x-264-galaxy-tv/Stranger.Things.S01.COMPLETE.720p.BluRay.x264-GalaxyTV%5BTGx%5D/Stranger.Things.S01E07.720p.BluRay.x264-GalaxyTV.mp4,,48,,,0,,FULL_EPISODE,False,,
series_stranger_things,Stranger Things,HOLLYWOOD,Web-Series,1,8,st_s1e8,S01:E08 • Chapter 8,https://archive.org/download/stranger.-things.-s-01.720p.-blu-ray.x-264-galaxy-tv/Stranger.Things.S01.COMPLETE.720p.BluRay.x264-GalaxyTV%5BTGx%5D/Stranger.Things.S01E08.720p.BluRay.x264-GalaxyTV.mp4,,48,,,0,,FULL_EPISODE,False,,
series_panchayat,Panchayat,BOLLYWOOD,Web-Series,1,1,panchayat_s1e1,S01:E01 • Episode 1,https://archive.org/download/a2z-panchayat-season-1/E02.mp4,,40,,,0,,FULL_EPISODE,False,,
series_panchayat,Panchayat,BOLLYWOOD,Web-Series,1,2,panchayat_s1e2,S01:E02 • Episode 2,https://archive.org/download/a2z-panchayat-season-1/E03.mp4,,40,,,0,,FULL_EPISODE,False,,
series_panchayat,Panchayat,BOLLYWOOD,Web-Series,1,3,panchayat_s1e3,S01:E03 • Episode 3,https://archive.org/download/a2z-panchayat-season-1/E04.mp4,,40,,,0,,FULL_EPISODE,False,,
series_panchayat,Panchayat,BOLLYWOOD,Web-Series,1,4,panchayat_s1e4,S01:E04 • Episode 4,https://archive.org/download/a2z-panchayat-season-1/E05.mp4,,40,,,0,,FULL_EPISODE,False,,
series_panchayat,Panchayat,BOLLYWOOD,Web-Series,1,5,panchayat_s1e5,S01:E05 • Episode 5,https://archive.org/download/a2z-panchayat-season-1/E06.mp4,,40,,,0,,FULL_EPISODE,False,,
series_panchayat,Panchayat,BOLLYWOOD,Web-Series,1,6,panchayat_s1e6,S01:E06 • Episode 6,https://archive.org/download/a2z-panchayat-season-1/E07.mp4,,40,,,0,,FULL_EPISODE,False,,
series_panchayat,Panchayat,BOLLYWOOD,Web-Series,1,7,panchayat_s1e7,S01:E07 • Episode 7,https://archive.org/download/a2z-panchayat-season-1/E08.mp4,,40,,,0,,FULL_EPISODE,False,,
series_panchayat,Panchayat,BOLLYWOOD,Web-Series,2,1,panchayat_s2e1,S02:E01 • Phulera Complete Feature Edition,https://archive.org/download/panchayat-s-03-e-1-8/Panchayat-S03E1-8.mp4,,165,,,0,,FULL_EPISODE,False,,
series_mirzapur,Mirzapur,BOLLYWOOD,Web-Series,1,1,mirzapur_s1e1,S01:E01 • Episode 1,https://archive.org/download/s-2-m-1/s2%20m1.mp4,,52,,,0,,FULL_EPISODE,False,,
series_mirzapur,Mirzapur,BOLLYWOOD,Web-Series,1,2,mirzapur_s1e2,S01:E02 • Episode 2,https://archive.org/download/s-2-m-3/s2%20m3.mp4,,52,,,0,,FULL_EPISODE,False,,
series_mirzapur,Mirzapur,BOLLYWOOD,Web-Series,1,3,mirzapur_s1e3,S01:E03 • Episode 3,https://archive.org/download/s-2-m-4_202412/s2%20m4.mp4,,52,,,0,,FULL_EPISODE,False,,
series_mirzapur,Mirzapur,BOLLYWOOD,Web-Series,1,4,mirzapur_s1e4,S01:E04 • Episode 4,https://archive.org/download/s-2-m-5/s2%20m5.mp4,,52,,,0,,FULL_EPISODE,False,,
series_mirzapur,Mirzapur,BOLLYWOOD,Web-Series,1,5,mirzapur_s1e5,S01:E05 • Episode 5,https://archive.org/download/s-2-m-6/s2%20m6.mp4,,52,,,0,,FULL_EPISODE,False,,
series_mirzapur,Mirzapur,BOLLYWOOD,Web-Series,1,6,mirzapur_s1e6,S01:E06 • Episode 6,https://archive.org/download/s-2-m-7/s2%20m7.mp4,,52,,,0,,FULL_EPISODE,False,,
series_mirzapur,Mirzapur,BOLLYWOOD,Web-Series,1,7,mirzapur_s1e7,S01:E07 • Episode 7,https://archive.org/download/s-2-m-8/s2%20m8.mp4,,52,,,0,,FULL_EPISODE,False,,
series_mirzapur,Mirzapur,BOLLYWOOD,Web-Series,1,8,mirzapur_s1e8,S01:E08 • Episode 8,https://archive.org/download/s-2-m-9/s2%20m9.mp4,,52,,,0,,FULL_EPISODE,False,,
series_mirzapur,Mirzapur,BOLLYWOOD,Web-Series,1,9,mirzapur_s1e9,S01:E09 • Episode 9,https://archive.org/download/s-2-m-10/s2%20m10.mp4,,52,,,0,,FULL_EPISODE,False,,
series_family_man,The Family Man,BOLLYWOOD,Web-Series,1,1,fm_s1e1,S01:E01 • Complete Series Feature Edition (720p),https://archive.org/download/the-family-man-2019/The_Family_Man_%282019%29.mp4,,210,,,0,,FULL_EPISODE,False,,
series_money_heist,Money Heist (La Casa de Papel),HOLLYWOOD,Web-Series,1,1,mh_s1e1,S01:E01 • Episode 1,https://archive.org/download/money-heist-season-02/Money%20Heist%20S02%20E01.mp4,,47,,,0,,FULL_EPISODE,False,,
series_money_heist,Money Heist (La Casa de Papel),HOLLYWOOD,Web-Series,1,2,mh_s1e2,S01:E02 • Episode 2,https://archive.org/download/money-heist-season-02/Money%20Heist%20S02%20E02.mp4,,47,,,0,,FULL_EPISODE,False,,
series_money_heist,Money Heist (La Casa de Papel),HOLLYWOOD,Web-Series,1,3,mh_s1e3,S01:E03 • Episode 3,https://archive.org/download/money-heist-season-02/Money%20Heist%20S02%20E03.mp4,,47,,,0,,FULL_EPISODE,False,,
series_money_heist,Money Heist (La Casa de Papel),HOLLYWOOD,Web-Series,1,4,mh_s1e4,S01:E04 • Episode 4,https://archive.org/download/money-heist-season-02/Money%20Heist%20S02%20E04.mp4,,47,,,0,,FULL_EPISODE,False,,
series_money_heist,Money Heist (La Casa de Papel),HOLLYWOOD,Web-Series,1,5,mh_s1e5,S01:E05 • Episode 5,https://archive.org/download/money-heist-season-02/Money%20Heist%20S02%20E05.mp4,,47,,,0,,FULL_EPISODE,False,,
series_money_heist,Money Heist (La Casa de Papel),HOLLYWOOD,Web-Series,1,6,mh_s1e6,S01:E06 • Episode 6,https://archive.org/download/money-heist-season-02/Money%20Heist%20S02%20E06.mp4,,47,,,0,,FULL_EPISODE,False,,
series_money_heist,Money Heist (La Casa de Papel),HOLLYWOOD,Web-Series,1,7,mh_s1e7,S01:E07 • Episode 7,https://archive.org/download/money-heist-season-02/Money%20Heist%20S02%20E07.mp4,,47,,,0,,FULL_EPISODE,False,,
series_money_heist,Money Heist (La Casa de Papel),HOLLYWOOD,Web-Series,1,8,mh_s1e8,S01:E08 • Episode 8,https://archive.org/download/money-heist-season-02/Money%20Heist%20S02%20E08.mp4,,47,,,0,,FULL_EPISODE,False,,
series_money_heist,Money Heist (La Casa de Papel),HOLLYWOOD,Web-Series,1,9,mh_s1e9,S01:E09 • Episode 9,https://archive.org/download/money-heist-season-02/Money%20Heist%20S02%20E09.mp4,,47,,,0,,FULL_EPISODE,False,,
series_scam_1992,Scam 1992: The Harshad Mehta Story,BOLLYWOOD,Web-Series,1,1,scam_s1e1,S01:E01 • Risk Hai Toh Ishq Hai (Complete Series 720p),https://archive.org/download/scam-1992-the-harshad-mehta-story-2020-hindi-season-1-720p/Scam_1992_the_Harshad_Mehta_Story_%282020%29_Hindi_Season_1_720p.mp4,,195,,,0,,FULL_EPISODE,False,,
series_sacred_games,Sacred Games,BOLLYWOOD,Web-Series,1,1,sg_s1e1,S01:E01 • Episode 1,https://archive.org/download/sacred-games-s02.-hevc/World4ufree1.sbs_SacredGamesS02.E01.HEVC.mp4,,50,,,0,,FULL_EPISODE,False,,
series_sacred_games,Sacred Games,BOLLYWOOD,Web-Series,1,2,sg_s1e2,S01:E02 • Episode 2,https://archive.org/download/sacred-games-s02.-hevc/World4ufree1.sbs_SacredGamesS02.E02.HEVC.mp4,,50,,,0,,FULL_EPISODE,False,,
series_sacred_games,Sacred Games,BOLLYWOOD,Web-Series,1,3,sg_s1e3,S01:E03 • Episode 3,https://archive.org/download/sacred-games-s02.-hevc/World4ufree1.sbs_SacredGamesS02.E03.HEVC.mp4,,50,,,0,,FULL_EPISODE,False,,
series_sacred_games,Sacred Games,BOLLYWOOD,Web-Series,1,4,sg_s1e4,S01:E04 • Episode 4,https://archive.org/download/sacred-games-s02.-hevc/World4ufree1.sbs_SacredGamesS02.E04.HEVC.mp4,,50,,,0,,FULL_EPISODE,False,,
series_sacred_games,Sacred Games,BOLLYWOOD,Web-Series,1,5,sg_s1e5,S01:E05 • Episode 5,https://archive.org/download/sacred-games-s02.-hevc/World4ufree1.sbs_SacredGamesS02.E05.HEVC.mp4,,50,,,0,,FULL_EPISODE,False,,
series_sacred_games,Sacred Games,BOLLYWOOD,Web-Series,1,6,sg_s1e6,S01:E06 • Episode 6,https://archive.org/download/sacred-games-s02.-hevc/World4ufree1.sbs_SacredGamesS02.E06.HEVC.mp4,,50,,,0,,FULL_EPISODE,False,,
series_sacred_games,Sacred Games,BOLLYWOOD,Web-Series,1,7,sg_s1e7,S01:E07 • Episode 7,https://archive.org/download/sacred-games-s02.-hevc/World4ufree1.sbs_SacredGamesS02.E07.HEVC.mp4,,50,,,0,,FULL_EPISODE,False,,
series_sacred_games,Sacred Games,BOLLYWOOD,Web-Series,1,8,sg_s1e8,S01:E08 • Episode 8,https://archive.org/download/sacred-games-s02.-hevc/World4ufree1.sbs_SacredGamesS02.E08.HEVC.mp4,,50,,,0,,FULL_EPISODE,False,,
series_breaking_bad,Breaking Bad,HOLLYWOOD,Web-Series,1,1,bb_s1e1,S01:E01 • Pilot,https://archive.org/download/BreakingBadSeason11080PHEVC/01%20Pilot%20%281080p%20HD%29.mp4,,48,,,0,,FULL_EPISODE,False,,
series_breaking_bad,Breaking Bad,HOLLYWOOD,Web-Series,1,2,bb_s1e2,S01:E02 • Cat's in the Bag...,https://archive.org/download/BreakingBadSeason11080PHEVC/02%20Cat%27s%20in%20the%20Bag...%20%281080p%20HD%29.mp4,,48,,,0,,FULL_EPISODE,False,,
series_breaking_bad,Breaking Bad,HOLLYWOOD,Web-Series,1,3,bb_s1e3,S01:E03 • ...And the Bag's in the River,https://archive.org/download/BreakingBadSeason11080PHEVC/03%20...And%20the%20Bag%27s%20in%20the%20River%20%281080p%20HD%29.mp4,,48,,,0,,FULL_EPISODE,False,,
series_breaking_bad,Breaking Bad,HOLLYWOOD,Web-Series,1,4,bb_s1e4,S01:E04 • Cancer Man,https://archive.org/download/BreakingBadSeason11080PHEVC/04%20Cancer%20Man%20%281080p%20HD%29.mp4,,48,,,0,,FULL_EPISODE,False,,
series_breaking_bad,Breaking Bad,HOLLYWOOD,Web-Series,1,5,bb_s1e5,S01:E05 • Gray Matter,https://archive.org/download/BreakingBadSeason11080PHEVC/05%20Gray%20Matter%20%281080p%20HD%29.mp4,,48,,,0,,FULL_EPISODE,False,,
series_breaking_bad,Breaking Bad,HOLLYWOOD,Web-Series,1,6,bb_s1e6,S01:E06 • Crazy Handful of Nothin',https://archive.org/download/BreakingBadSeason11080PHEVC/06%20Crazy%20Handful%20of%20Nothin%27%20%281080p%20HD%29.mp4,,48,,,0,,FULL_EPISODE,False,,
series_breaking_bad,Breaking Bad,HOLLYWOOD,Web-Series,1,7,bb_s1e7,S01:E07 • A No-Rough-Stuff-Type Deal,https://archive.org/download/BreakingBadSeason11080PHEVC/07%20A%20No-Rough-Stuff-Type%20Deal%20%281080p%20HD%29.mp4,,48,,,0,,FULL_EPISODE,False,,
series_kota_factory,Kota Factory,BOLLYWOOD,Web-Series,1,1,kf_s1e1,S01:E01 • Reasoning,https://archive.org/download/Kota-Factory-Season-2/Kota.Factory.S02E01.Reasoning.1080p.NF.10bit.DDP.5.1.x265.%5BHashMiner%5D.mp4,,45,,,0,,FULL_EPISODE,False,,
series_kota_factory,Kota Factory,BOLLYWOOD,Web-Series,1,2,kf_s1e2,S01:E02 • Control System,https://archive.org/download/Kota-Factory-Season-2/Kota.Factory.S02E02.Control.System.1080p.NF.10bit.DDP.5.1.x265.%5BHashMiner%5D.mp4,,45,,,0,,FULL_EPISODE,False,,
series_kota_factory,Kota Factory,BOLLYWOOD,Web-Series,1,3,kf_s1e3,S01:E03 • Atmospheric Pressure,https://archive.org/download/Kota-Factory-Season-2/Kota.Factory.S02E03.Atmospheric.Pressure.1080p.NF.10bit.DDP.5.1.x265.%5BHashMiner%5D.mp4,,45,,,0,,FULL_EPISODE,False,,
series_kota_factory,Kota Factory,BOLLYWOOD,Web-Series,1,4,kf_s1e4,S01:E04 • Repair and Maintenance,https://archive.org/download/Kota-Factory-Season-2/Kota.Factory.S02E04.Repair.And.Maintenance.1080p.NF.10bit.DDP.5.1.x265.%5BHashMiner%5D.mp4,,45,,,0,,FULL_EPISODE,False,,
series_kota_factory,Kota Factory,BOLLYWOOD,Web-Series,1,5,kf_s1e5,S01:E05 • Packaging,https://archive.org/download/Kota-Factory-Season-2/Kota.Factory.S02E05.Packaging.1080p.NF.10bit.DDP.5.1.x265.%5BHashMiner%5D.mp4,,45,,,0,,FULL_EPISODE,False,,
series_farzi,Farzi,BOLLYWOOD,Web-Series,1,1,farzi_s1e1,S01:E01 • Episode 1,https://archive.org/download/farzi-s-1-ep-all-hindi-2k/Farzi%20S1%20EP1%20%28%20Hindi%202k%20%29.mp4,,55,,,0,,FULL_EPISODE,False,,
series_farzi,Farzi,BOLLYWOOD,Web-Series,1,2,farzi_s1e2,S01:E02 • Episode 2,https://archive.org/download/farzi-s-1-ep-all-hindi-2k/Farzi%20S1%20EP2%20%28%20Hindi%202k%20%29.mp4,,55,,,0,,FULL_EPISODE,False,,
series_farzi,Farzi,BOLLYWOOD,Web-Series,1,3,farzi_s1e3,S01:E03 • Episode 3,https://archive.org/download/farzi-s-1-ep-all-hindi-2k/Farzi%20S1%20EP3%20%28%20Hindi%202k%20%29.mp4,,55,,,0,,FULL_EPISODE,False,,
series_farzi,Farzi,BOLLYWOOD,Web-Series,1,4,farzi_s1e4,S01:E04 • Episode 4,https://archive.org/download/farzi-s-1-ep-all-hindi-2k/Farzi%20S1%20EP4%20%28%20Hindi%202k%20%29.mp4,,55,,,0,,FULL_EPISODE,False,,
series_farzi,Farzi,BOLLYWOOD,Web-Series,1,5,farzi_s1e5,S01:E05 • Episode 5,https://archive.org/download/farzi-s-1-ep-all-hindi-2k/Farzi%20S1%20EP5%20%28%20Hindi%202k%20%29.mp4,,55,,,0,,FULL_EPISODE,False,,
series_farzi,Farzi,BOLLYWOOD,Web-Series,1,6,farzi_s1e6,S01:E06 • Episode 6,https://archive.org/download/farzi-s-1-ep-all-hindi-2k/Farzi%20S1%20EP6%20%28%20Hindi%202k%20%29.mp4,,55,,,0,,FULL_EPISODE,False,,
series_farzi,Farzi,BOLLYWOOD,Web-Series,1,7,farzi_s1e7,S01:E07 • Episode 7,https://archive.org/download/farzi-s-1-ep-all-hindi-2k/Farzi%20S1%20EP7%20%28%20Hindi%202k%20%29.mp4,,55,,,0,,FULL_EPISODE,False,,
series_farzi,Farzi,BOLLYWOOD,Web-Series,1,8,farzi_s1e8,S01:E08 • Episode 8,https://archive.org/download/farzi-s-1-ep-all-hindi-2k/Farzi%20S1%20EP8%20%28%20Hindi%202k%20%29.mp4,,55,,,0,,FULL_EPISODE,False,,
series_paatal_lok,Paatal Lok,BOLLYWOOD,Web-Series,1,1,pl_s1e1,S01:E01 • Bridge of Shadows (Complete Feature Edition),https://archive.org/download/paatal-lok-2025-amazon-prime-s-02-e-05-08-hindi-720p-web-dl-filmy-dhoom.com/Paatal_Lok_2025_Amazon_Prime_S02E01-04.mp4,,135,,,0,,FULL_EPISODE,False,,
series_squid_game,Squid Game,ASIAN,K-Drama,1,1,squid_s1e1,"S01:E01 • Red Light, Green Light (2160p HDR Multi-Audio)",https://archive.org/download/squid-game-s-01-e-01-2160p-hdr-multi-audio.mkv/Squid%20Game%20S01E01%202160p%20HDR%20MultiAudio.mkv.mp4,,59,,,0,,FULL_EPISODE,False,,
series_crash_landing_on_you,Crash Landing on You,ASIAN,K-Drama,1,1,cloy_s1e1,S01:E01 • Episode 1,https://archive.org/download/crash-landing-on-you-05/Crash%20Landing%20On%20You%2001.mp4,,70,,,0,,FULL_EPISODE,False,,
series_crash_landing_on_you,Crash Landing on You,ASIAN,K-Drama,1,2,cloy_s1e2,S01:E02 • Episode 2,https://archive.org/download/crash-landing-on-you-05/Crash%20Landing%20On%20You%2002.mp4,,70,,,0,,FULL_EPISODE,False,,
series_crash_landing_on_you,Crash Landing on You,ASIAN,K-Drama,1,3,cloy_s1e3,S01:E03 • Episode 3,https://archive.org/download/crash-landing-on-you-05/Crash%20Landing%20On%20You%2003.mp4,,70,,,0,,FULL_EPISODE,False,,
series_crash_landing_on_you,Crash Landing on You,ASIAN,K-Drama,1,4,cloy_s1e4,S01:E04 • Episode 4,https://archive.org/download/crash-landing-on-you-05/Crash%20Landing%20On%20You%2004.mp4,,70,,,0,,FULL_EPISODE,False,,
series_crash_landing_on_you,Crash Landing on You,ASIAN,K-Drama,1,5,cloy_s1e5,S01:E05 • Episode 5,https://archive.org/download/crash-landing-on-you-05/Crash%20Landing%20On%20You%2005.mp4,,70,,,0,,FULL_EPISODE,False,,
series_crash_landing_on_you,Crash Landing on You,ASIAN,K-Drama,1,6,cloy_s1e6,S01:E06 • Episode 6,https://archive.org/download/crash-landing-on-you-09/Crash%20Landing%20On%20You%2006.mp4,,70,,,0,,FULL_EPISODE,False,,
series_crash_landing_on_you,Crash Landing on You,ASIAN,K-Drama,1,7,cloy_s1e7,S01:E07 • Episode 7,https://archive.org/download/crash-landing-on-you-09/Crash%20Landing%20On%20You%2007.mp4,,70,,,0,,FULL_EPISODE,False,,
series_crash_landing_on_you,Crash Landing on You,ASIAN,K-Drama,1,8,cloy_s1e8,S01:E08 • Episode 8,https://archive.org/download/crash-landing-on-you-09/Crash%20Landing%20On%20You%2008.mp4,,70,,,0,,FULL_EPISODE,False,,
series_crash_landing_on_you,Crash Landing on You,ASIAN,K-Drama,1,9,cloy_s1e9,S01:E09 • Episode 9,https://archive.org/download/crash-landing-on-you-09/Crash%20Landing%20On%20You%2009.mp4,,70,,,0,,FULL_EPISODE,False,,
series_crash_landing_on_you,Crash Landing on You,ASIAN,K-Drama,1,10,cloy_s1e10,S01:E10 • Episode 10,https://archive.org/download/crash-landing-on-you-09/Crash%20Landing%20On%20You%2010.mp4,,70,,,0,,FULL_EPISODE,False,,
series_crash_landing_on_you,Crash Landing on You,ASIAN,K-Drama,1,11,cloy_s1e11,S01:E11 • Episode 11,https://archive.org/download/crash-landing-on-you-16/Crash%20Landing%20On%20You%2011.mp4,,70,,,0,,FULL_EPISODE,False,,
series_crash_landing_on_you,Crash Landing on You,ASIAN,K-Drama,1,12,cloy_s1e12,S01:E12 • Episode 12,https://archive.org/download/crash-landing-on-you-16/Crash%20Landing%20On%20You%2012.mp4,,70,,,0,,FULL_EPISODE,False,,
series_crash_landing_on_you,Crash Landing on You,ASIAN,K-Drama,1,13,cloy_s1e13,S01:E13 • Episode 13,https://archive.org/download/crash-landing-on-you-16/Crash%20Landing%20On%20You%2013.mp4,,70,,,0,,FULL_EPISODE,False,,
series_crash_landing_on_you,Crash Landing on You,ASIAN,K-Drama,1,14,cloy_s1e14,S01:E14 • Episode 14,https://archive.org/download/crash-landing-on-you-16/Crash%20Landing%20On%20You%2014.mp4,,70,,,0,,FULL_EPISODE,False,,
series_crash_landing_on_you,Crash Landing on You,ASIAN,K-Drama,1,15,cloy_s1e15,S01:E15 • Episode 15,https://archive.org/download/crash-landing-on-you-16/Crash%20Landing%20On%20You%2015.mp4,,70,,,0,,FULL_EPISODE,False,,
series_crash_landing_on_you,Crash Landing on You,ASIAN,K-Drama,1,16,cloy_s1e16,S01:E16 • Episode 16,https://archive.org/download/crash-landing-on-you-16/Crash%20Landing%20On%20You%2016.mp4,,70,,,0,,FULL_EPISODE,False,,
series_descendants_of_the_sun,Descendants of the Sun,ASIAN,K-Drama,1,1,dots_s1e1,S01:E01 • Episode 1,https://archive.org/download/descendants-of-the-sun_202309/Descendants-of-the-Sun-E01.mp4,,60,,,0,,FULL_EPISODE,False,,
series_descendants_of_the_sun,Descendants of the Sun,ASIAN,K-Drama,1,2,dots_s1e2,S01:E02 • Episode 2,https://archive.org/download/descendants-of-the-sun_202309/Descendants-of-the-Sun-E02.mp4,,60,,,0,,FULL_EPISODE,False,,
series_descendants_of_the_sun,Descendants of the Sun,ASIAN,K-Drama,1,3,dots_s1e3,S01:E03 • Episode 3,https://archive.org/download/descendants-of-the-sun_202309/Descendants-of-the-Sun-E03.mp4,,60,,,0,,FULL_EPISODE,False,,
series_descendants_of_the_sun,Descendants of the Sun,ASIAN,K-Drama,1,4,dots_s1e4,S01:E04 • Episode 4,https://archive.org/download/descendants-of-the-sun_202309/Descendants-of-the-Sun-E04.mp4,,60,,,0,,FULL_EPISODE,False,,
series_descendants_of_the_sun,Descendants of the Sun,ASIAN,K-Drama,1,5,dots_s1e5,S01:E05 • Episode 5,https://archive.org/download/descendants-of-the-sun_202309/Descendants-of-the-Sun-E05.mp4,,60,,,0,,FULL_EPISODE,False,,
series_descendants_of_the_sun,Descendants of the Sun,ASIAN,K-Drama,1,6,dots_s1e6,S01:E06 • Episode 6,https://archive.org/download/descendants-of-the-sun_202309/Descendants-of-the-Sun-E06.mp4,,60,,,0,,FULL_EPISODE,False,,
series_descendants_of_the_sun,Descendants of the Sun,ASIAN,K-Drama,1,7,dots_s1e7,S01:E07 • Episode 7,https://archive.org/download/descendants-of-the-sun_202309/Descendants-of-the-Sun-E07.mp4,,60,,,0,,FULL_EPISODE,False,,
series_descendants_of_the_sun,Descendants of the Sun,ASIAN,K-Drama,1,8,dots_s1e8,S01:E08 • Episode 8,https://archive.org/download/descendants-of-the-sun_202309/Descendants-of-the-Sun-E08.mp4,,60,,,0,,FULL_EPISODE,False,,
series_descendants_of_the_sun,Descendants of the Sun,ASIAN,K-Drama,1,9,dots_s1e9,S01:E09 • Episode 9,https://archive.org/download/descendants-of-the-sun_202309/Descendants-of-the-Sun-E09.mp4,,60,,,0,,FULL_EPISODE,False,,
series_descendants_of_the_sun,Descendants of the Sun,ASIAN,K-Drama,1,10,dots_s1e10,S01:E10 • Episode 10,https://archive.org/download/descendants-of-the-sun_202309/Descendants-of-the-Sun-E10.mp4,,60,,,0,,FULL_EPISODE,False,,
series_descendants_of_the_sun,Descendants of the Sun,ASIAN,K-Drama,1,11,dots_s1e11,S01:E11 • Episode 11,https://archive.org/download/descendants-of-the-sun_202309/Descendants-of-the-Sun-E11.mp4,,60,,,0,,FULL_EPISODE,False,,
series_descendants_of_the_sun,Descendants of the Sun,ASIAN,K-Drama,1,12,dots_s1e12,S01:E12 • Episode 12,https://archive.org/download/descendants-of-the-sun_202309/Descendants-of-the-Sun-E12.mp4,,60,,,0,,FULL_EPISODE,False,,
series_descendants_of_the_sun,Descendants of the Sun,ASIAN,K-Drama,1,13,dots_s1e13,S01:E13 • Episode 13,https://archive.org/download/descendants-of-the-sun_202309/Descendants-of-the-Sun-E13.mp4,,60,,,0,,FULL_EPISODE,False,,
series_descendants_of_the_sun,Descendants of the Sun,ASIAN,K-Drama,1,14,dots_s1e14,S01:E14 • Episode 14,https://archive.org/download/descendants-of-the-sun_202309/Descendants-of-the-Sun-E14.mp4,,60,,,0,,FULL_EPISODE,False,,
series_descendants_of_the_sun,Descendants of the Sun,ASIAN,K-Drama,1,15,dots_s1e15,S01:E15 • Episode 15,https://archive.org/download/descendants-of-the-sun_202309/Descendants-of-the-Sun-E15.mp4,,60,,,0,,FULL_EPISODE,False,,
series_descendants_of_the_sun,Descendants of the Sun,ASIAN,K-Drama,1,16,dots_s1e16,S01:E16 • Episode 16,https://archive.org/download/descendants-of-the-sun_202309/Descendants-of-the-Sun-E16.mp4,,60,,,0,,FULL_EPISODE,False,,
series_death_note,Death Note (English Dubbed),ASIAN,Anime,1,1,deathnote_s1e1,S01:E01 • Rebirth (Episodes 1-12 English Dubbed),https://archive.org/download/a-world-without-light-death-note-completed-death-note-season-1-episode-1-12-engl/A%20World%20Without%20Light%20%EF%BD%9C%20Death%20note%20season%201%20episode%201-12%20english%20dub%20%5B8WoFDY-Tvxk%5D.mp4,,252,,,0,,FULL_EPISODE,False,,
series_naruto_classic,Naruto Shippuden (Hindi Dubbed),ASIAN,Anime,1,1,naruto_s1e1,S01:E01 • Homecoming,https://archive.org/download/rai-naruto-shippuden-s-1-e-01-in-hindi/%5BRAI%5D%20Naruto%20Shippuden%20S1E01%20in%20Hindi.mp4,,23,,,0,,FULL_EPISODE,False,,
series_naruto_classic,Naruto Shippuden (Hindi Dubbed),ASIAN,Anime,1,2,naruto_s1e2,S01:E02 • The Akatsuki Makes Its Move,https://archive.org/download/rai-naruto-shippuden-s-1-e-01-in-hindi/Episode-2-The-Akatsuki-Makes-Its-Move.mp4,,23,,,0,,FULL_EPISODE,False,,
series_naruto_classic,Naruto Shippuden (Hindi Dubbed),ASIAN,Anime,1,3,naruto_s1e3,S01:E03 • The Results of Training,https://archive.org/download/rai-naruto-shippuden-s-1-e-01-in-hindi/Episode-3-The-Results-of-Training.mp4,,23,,,0,,FULL_EPISODE,False,,
series_naruto_classic,Naruto Shippuden (Hindi Dubbed),ASIAN,Anime,1,4,naruto_s1e4,S01:E04 • The Jinchuriki of the Sand,https://archive.org/download/rai-naruto-shippuden-s-1-e-01-in-hindi/Episode-4-The-Jinchuriki-of-the-Sand.mp4,,23,,,0,,FULL_EPISODE,False,,
series_naruto_classic,Naruto Shippuden (Hindi Dubbed),ASIAN,Anime,1,5,naruto_s1e5,S01:E05 • The Kazekage Stands Tall,https://archive.org/download/rai-naruto-shippuden-s-1-e-01-in-hindi/Episode-5-The-Kazekage-Stands-Tall.mp4,,23,,,0,,FULL_EPISODE,False,,
series_naruto_classic,Naruto Shippuden (Hindi Dubbed),ASIAN,Anime,1,6,naruto_s1e6,S01:E06 • Mission Cleared,https://archive.org/download/rai-naruto-shippuden-s-1-e-01-in-hindi/Episode-6-Mission-Cleared.mp4,,23,,,0,,FULL_EPISODE,False,,
series_naruto_classic,Naruto Shippuden (Hindi Dubbed),ASIAN,Anime,1,7,naruto_s1e7,"S01:E07 • Run, Kankuro","https://archive.org/download/rai-naruto-shippuden-s-1-e-01-in-hindi/Episode-7-Run,-Kankuro.mp4",,23,,,0,,FULL_EPISODE,False,,
series_naruto_classic,Naruto Shippuden (Hindi Dubbed),ASIAN,Anime,1,8,naruto_s1e8,"S01:E08 • Team Kakashi, Deployed","https://archive.org/download/rai-naruto-shippuden-s-1-e-01-in-hindi/Episode-8-Team-Kakashi,-Deployed.mp4",,23,,,0,,FULL_EPISODE,False,,
series_naruto_classic,Naruto Shippuden (Hindi Dubbed),ASIAN,Anime,1,9,naruto_s1e9,S01:E09 • The Jinchuriki's Tears,https://archive.org/download/rai-naruto-shippuden-s-1-e-01-in-hindi/Episode-9-The-Jinchuriki%E2%80%99s-Tears.mp4,,23,,,0,,FULL_EPISODE,False,,
series_naruto_classic,Naruto Shippuden (Hindi Dubbed),ASIAN,Anime,1,10,naruto_s1e10,S01:E10 • Sealing Jutsu: Nine Phantom Dragons,https://archive.org/download/rai-naruto-shippuden-s-1-e-01-in-hindi/Episode-10-Sealing-Jutsu-Nine-Phantom-Dragons.mp4,,23,,,0,,FULL_EPISODE,False,,
series_sherlock_holmes_1954,Sherlock Holmes (1954 Classic Series),PUBLIC_DOMAIN,Web-Series,1,1,sh1954_s1e1,S01:E01 • The Case of the Cunningham Heritage,https://archive.org/download/SherlockHolmes1954/Sherlock%20Holmes%2001%20The%20Case%20of%20the%20Cunningham%20Heritage.mp4,,26,,,0,,FULL_EPISODE,False,,
series_sherlock_holmes_1954,Sherlock Holmes (1954 Classic Series),PUBLIC_DOMAIN,Web-Series,1,2,sh1954_s1e2,S01:E02 • The Case of Lady Beryl,https://archive.org/download/SherlockHolmes1954/Sherlock%20Holmes%2002%20The%20Case%20Of%20Lady%20Beryl.mp4,,26,,,0,,FULL_EPISODE,False,,
series_sherlock_holmes_1954,Sherlock Holmes (1954 Classic Series),PUBLIC_DOMAIN,Web-Series,1,3,sh1954_s1e3,S01:E03 • The Case of the Pennsylvania Gun,https://archive.org/download/SherlockHolmes1954/Sherlock%20Holmes%2003%20The%20Case%20of%20the%20Pennsylvania%20Gun.mp4,,26,,,0,,FULL_EPISODE,False,,
series_sherlock_holmes_1954,Sherlock Holmes (1954 Classic Series),PUBLIC_DOMAIN,Web-Series,1,4,sh1954_s1e4,S01:E04 • The Case of the Texas Cowgirl,https://archive.org/download/SherlockHolmes1954/Sherlock%20Holmes%2004%20The%20Case%20Of%20The%20Texas%20Cowgirl.mp4,,26,,,0,,FULL_EPISODE,False,,
series_sherlock_holmes_1954,Sherlock Holmes (1954 Classic Series),PUBLIC_DOMAIN,Web-Series,1,5,sh1954_s1e5,S01:E05 • The Case of the Belligerent Ghost,https://archive.org/download/SherlockHolmes1954/Sherlock%20Holmes%2005%20The%20Case%20Of%20The%20Belligerent%20Ghost.mp4,,26,,,0,,FULL_EPISODE,False,,
series_sherlock_holmes_1954,Sherlock Holmes (1954 Classic Series),PUBLIC_DOMAIN,Web-Series,1,6,sh1954_s1e6,S01:E06 • The Case of the Shy Ballerina,https://archive.org/download/SherlockHolmes1954/Sherlock%20Holmes%2006%20The%20Case%20Of%20The%20Shy%20Ballerina.mp4,,26,,,0,,FULL_EPISODE,False,,
series_sherlock_holmes_1954,Sherlock Holmes (1954 Classic Series),PUBLIC_DOMAIN,Web-Series,1,7,sh1954_s1e7,S01:E07 • The Case of the Winthrop Legend,https://archive.org/download/SherlockHolmes1954/Sherlock%20Holmes%2007%20The%20Case%20Of%20The%20Winthrop%20Legend.mp4,,26,,,0,,FULL_EPISODE,False,,
series_sherlock_holmes_1954,Sherlock Holmes (1954 Classic Series),PUBLIC_DOMAIN,Web-Series,1,8,sh1954_s1e8,S01:E08 • The Case of the Blind Man's Bluff,https://archive.org/download/SherlockHolmes1954/Sherlock%20Holmes%2008%20The%20Case%20Of%20The%20Blind%20Man's%20Bluff.mp4,,26,,,0,,FULL_EPISODE,False,,
